spec;long;lat
sp;-62.05;-14.416667
sp;-44.665982;-22.385479
sp;-41.78;-13.25
sp;-41.35;-12.98
sp;-39.015311;-14.10395
sp;-43.567497;-19.391589
sp;-43.4;-18.9
sp;-48.078611;-13.566944
sp;-43.589444;-20.461389
sp;-47.833333;-15.883333
sp;-44.6;-18.183333
sp;-43.666667;-18.25
sp;-43.714167;-19.168889
sp;-43.714167;-19.168889
sp;-43.714167;-19.168889
sp;-43.714167;-19.168889
sp;-43.714167;-19.168889
sp;-44.353611;-19.124167
sp;-44.353611;-19.124167
sp;-43.475;-18.567222
sp;-43.475;-18.567222
sp;-43.475;-18.567222
sp;-43.475;-18.567222
sp;-43.475;-18.567222
sp;-43.475;-18.567222
sp;-47.610556;-17.699444
sp;-43.706944;-19.066111
sp;-43.706667;-19.066389
sp;-41.87;-13.27
sp;-41.77;-13.38
sp;-41.9;-13.3
sp;-41.85;-13.33
sp;-41.85;-13.33
sp;-41.87;-13.32
sp;-41.85;-13.3
sp;-41.6633;-13.2497
sp;-41.83;-13.37
sp;-41.88;-13.32
sp;-41.78;-13.27
sp;-41.6633;-13.2497
sp;-41.85;-13.3
sp;-41.88;-13.33
sp;-41.8;-13.28
sp;-41.88;-13.3
sp;-41.65;-13.233333
sp;-41.65;-13.233333
sp;-41.85;-13.3
sp;-41.88;-13.3
sp;-41.87;-13.3
sp;-41.65;-13.233333
sp;-41.833333;-13.033333
sp;-41.9;-13.283333
sp;-41.85;-13.3
sp;-41.85;-13.333333
sp;-41.866667;-13.3
sp;-41.85;-13.3
sp;-41.883333;-13.3
sp;-41.883333;-13.3
sp;-41.766667;-13.383333
sp;-41.883333;-13.316667
sp;-41.866667;-13.3
sp;-41.733333;-13.266667
sp;-42.366667;-13.833333
sp;-41.8525;-13.328333
sp;-41.85;-13.316667
sp;-41.9;-13.3
sp;-41.9;-13.3
sp;-41.883333;-13.333333
sp;-41.883333;-13.333333
sp;-41.833333;-13.316667
sp;-41.85;-13.333333
sp;-41.85;-13.333333
sp;-41.85;-13.3
sp;-41.9;-13.283333
sp;-41.85;-13.3
sp;-41.866667;-13.316667
sp;-41.883333;-13.3
sp;-41.866667;-13.266667
sp;-41.833333;-13.033333
sp;-41.833333;-13.033333
sp;-41.898333;-13.265
sp;-41.549444;-13.304722
sp;-41.851111;-13.328611
sp;-41.7;-13.266667
sp;-40.995833;-18.571944
sp;-40.995833;-18.571944
sp;-39.46667;-12.85
sp;-48.384166;-16.190555
sp;-52.212222;-3.196111
sp;-47.5097;-14.1325
sp;-47.5167;-13.80036
sp;-47.48;-13.98
sp;-47.62;-14.15
sp;-47.507222;-14.071306
sp;-47.507222;-14.071306
sp;-47.2546;-13.5532
sp;-47.768889;-14.138889
sp;-47.5;-13.766667
sp;-47.79;-14.165555
sp;-47.593888;-14.178888
sp;-47.3451;-13.9457
sp;-47.516667;-14.116667
sp;-47.5;-13.766667
sp;-47.5;-13.766667
sp;-47.516667;-14.116667
sp;-47.5;-13.766667
sp;-47.526667;-14.040556
sp;-47.7322;-14.1358
sp;-47.7322;-14.1358
sp;-47.760278;-14.150833
sp;-47.439167;-13.933611
sp;-47.593889;-14.178889
sp;-48.149444;-14.246111
sp;-47.790556;-14.1675
sp;-46.260001;-9.899997
sp;-41.26667;-12.95
sp;-47.85;-15.866667
sp;-47.85;-15.866667
sp;-41.3;-12.866667
sp;-41.383333;-12.809722
sp;-41.316667;-12.8
sp;-41.316667;-12.8
sp;-41.246944;-12.906389
sp;-41.316667;-12.8
sp;-41.316667;-12.8
sp;-41.346111;-12.806389
sp;-41.346111;-12.806389
sp;-41.282778;-12.948889
sp;-41.282778;-12.948889
sp;-41.341111;-12.804167
sp;-41.341111;-12.804167
sp;-41.349444;-12.783056
sp;-41.446111;-12.806389
sp;-41.346111;-12.806389
sp;-41.316667;-12.8
sp;-41.316667;-12.8
sp;-41.316667;-12.8
sp;-52.981111;-16.795
sp;-52.9811;-16.795
sp;-43.515278;-19.887222
sp;-43.521111;-19.878333
sp;-43.521111;-19.878333
sp;-43.5775;-20.018333
sp;-63.366667;0.85
sp;-63.339306;0.871972
sp;-41.16;-13.41
sp;-41.1905;-13.4129
sp;-41.381806;-13.58125
sp;-41.316667;-13.683333
sp;-41.314722;-13.751667
sp;-52.266944;-15.328611
sp;-52.227694;-15.352139
sp;-51.228528;-15.352028
sp;-43.8875;-19.9475
sp;-43.910278;-19.961667
sp;-43.910278;-19.961667
sp;-43.910278;-19.961667
sp;-43.910278;-19.961667
sp;-43.909444;-20.435278
sp;-40.129444;-14.412778
sp;-43.794444;-17.589861
sp;-43.794444;-17.589861
sp;-41.760833;-12.803056
sp;-42.980556;-16.868611
sp;-47.9294;-15.7797
sp;-47.9294;-15.7797
sp;-47.828722;-15.861406
sp;-47.944167;-15.961111
sp;-47.672222;-15.732778
sp;-48.241667;-15.865556
sp;-47.933056;-15.970278
sp;-47.316667;-15.483333
sp;-47.891111;-15.916667
sp;-47.955083;-15.975417
sp;-47.316667;-15.483333
sp;-47.955083;-15.975417
sp;-48.241667;-15.865556
sp;-47.85;-15.866667
sp;-47.804722;-15.97
sp;-47.666667;-15.916667
sp;-47.316667;-15.483333
sp;-47.316667;-15.483333
sp;-47.316667;-15.483333
sp;-47.896111;-15.915
sp;-47.672222;-15.732778
sp;-47.85;-15.866667
sp;-47.316667;-15.483333
sp;-47.316667;-15.483333
sp;-47.975278;-15.6825
sp;-47.891389;-15.915
sp;-47.316667;-15.483333
sp;-43.972747;-20.136319
sp;-43.989608;-20.102775
sp;-44.02675;-20.076861
sp;-44.250833;-17.915833
sp;-43.666667;-19.816667
sp;-42.533333;-14.133333
sp;-42.466667;-14.066667
sp;-42.537222;-14.358889
sp;-42.313889;-13.944722
sp;-42.541389;-14.146667
sp;-51.769167;-17.076944
sp;-51.769167;-17.076944
sp;-51.769167;-17.076944
sp;-39.033333;-13.483333
sp;-39.033333;-13.483333
sp;-39.033333;-13.483333
sp;-39.033333;-13.483333
sp;-39.033333;-13.483333
sp;-48.6247;-17.7419
sp;-48.566666;-18
sp;-38.5;-12.966667
sp;-50.319722;-6.414722
sp;-63.790278;-8.186944
sp;-46.44611;-20.99306
sp;-43.485278;-9.220556
sp;-43.485278;-9.220556
sp;-43.485278;-9.220556
sp;-43.485278;-9.220556
sp;-43.485278;-9.220556
sp;-47.366667;-6.916667
sp;-47.462777;-7.3508333
sp;-47.4725;-7.0175
sp;-47.441111;-7.0441666
sp;-46.946944;-7.3452777
sp;-47.423056;-7.186944
sp;-47.423056;-7.186944
sp;-44.679861;-21.445861
sp;-49.954167;-9.44
sp;-39.466667;-13.85
sp;-43.461944;-20.105556
sp;-43.461944;-20.105556
sp;-43.466667;-20.1
sp;-43.466667;-20.1
sp;-43.526944;-20.093333
sp;-43.513333;-20.135
sp;-43.463333;-20.134444
sp;-43.681328;-20.237114
sp;-43.431528;-20.163111
sp;-47.818333;-13.680833
sp;-47.521666;-13.886388
sp;-47.521666;-13.886388
sp;-48.046944;-13.4275
sp;-48.078611;-13.566944
sp;-55.7497;-15.4606
sp;-55.864317;-15.327742
sp;-55.720111;-15.432806
sp;-48.771389;-15.809167
sp;-48.441389;-15.763333
sp;-48.673611;-15.832778
sp;-48.771111;-15.786667
sp;-48.771111;-15.846944
sp;-40.857222;-19.525833
sp;-48.14917;-13.83333
sp;-48.9437;-14.08254
sp;-43.4247;-19.0372
sp;-43.403055;-18.9975
sp;-43.477778;-18.924444
sp;-43.477778;-18.924444
sp;-43.5475;-19.267778
sp;-43.477778;-18.924444
sp;-43.477778;-18.924444
sp;-43.477778;-18.924444
sp;-43.477778;-18.924444
sp;-43.477778;-18.924444
sp;-43.477778;-18.924444
sp;-43.477778;-18.924444
sp;-43.477778;-18.924444
sp;-43.677222;-18.9425
sp;-43.404831;-19.106578
sp;-43.404831;-19.106578
sp;-43.404831;-19.106578
sp;-43.477778;-18.924444
sp;-43.477778;-18.924444
sp;-43.866667;-20.45
sp;-43.721333;-19.046222
sp;-43.721333;-19.046222
sp;-43.722333;-18.806019
sp;-44.026389;-18.298056
sp;-48.8086;-15.9236
sp;-48.8086;-15.9236
sp;-47.6133;-16.7686
sp;-47.6136;-16.7686
sp;-47.620167;-16.733833
sp;-47.603056;-16.743333
sp;-47.686111;-16.732222
sp;-47.540556;-16.803333
sp;-47;-16.736389
sp;-43.592777;-18.572222
sp;-46.614917;-20.230917
sp;-46.814389;-20.33775
sp;-43.88;-18.3
sp;-43.7533;-18.0359
sp;-43.552777;-18.355
sp;-43.908611;-18.313333
sp;-43.612222;-18.261667
sp;-43.666667;-18.25
sp;-43.52;-18.2625
sp;-43.666667;-18.25
sp;-43.666667;-18.25
sp;-43.583611;-18.220833
sp;-43.666667;-18.25
sp;-43.879722;-18.310556
sp;-43.583611;-18.220833
sp;-43;-18
sp;-43.522222;-18.181111
sp;-43.4312;-18.1658
sp;-43.522222;-18.181111
sp;-43.522222;-18.181111
sp;-43.4059;-19.0743
sp;-43.552778;-18.3125
sp;-43.4312;-18.1658
sp;-43.4312;-18.1658
sp;-43.4312;-18.1658
sp;-43.475;-18.567222
sp;-43.691667;-18.35
sp;-43.792222;-18.289444
sp;-43.591389;-18.204722
sp;-43.618333;-18.224167
sp;-43.575;-18.148056
sp;-43.593333;-18.139167
sp;-43.649167;-18.138889
sp;-43.623056;-18.188611
sp;-43.623056;-18.188611
sp;-43.566389;-18.198056
sp;-43.684444;-18.274444
sp;-43.628056;-18.191944
sp;-43.706944;-19.066111
sp;-43.599444;-18.1575
sp;-43.801389;-17.914444
sp;-43.612222;-18.261667
sp;-43.612222;-18.261667
sp;-43.908611;-18.313333
sp;-43.57;-18.196111
sp;-43.612222;-18.261667
sp;-43.879722;-18.310556
sp;-43.544444;-18.11
sp;-43.612222;-18.261667
sp;-43.544444;-18.11
sp;-43.908611;-18.313333
sp;-43.908611;-18.313333
sp;-43.879722;-18.310556
sp;-43.879722;-18.310556
sp;-43.612222;-18.261667
sp;-43.544444;-18.11
sp;-43.544444;-18.11
sp;-43.612222;-18.261667
sp;-43.544444;-18.11
sp;-43.544444;-18.11
sp;-43.908611;-18.313333
sp;-43.708333;-18.211667
sp;-43.524583;-18.405944
sp;-43.797333;-18.065222
sp;-43.630944;-17.965472
sp;-43.721389;-18.283056
sp;-43.42207;-18.14092
sp;-43.556472;-18.304111
sp;-43.810861;-18.255056
sp;-43.847;-18.294972
sp;-43.882778;-18.309556
sp;-43;-18
sp;-43.879722;-18.310556
sp;-43.612222;-18.261667
sp;-43.552778;-18.355
sp;-43.723889;-18.283333
sp;-43.7325;-18.290278
sp;-43.501389;-18.261667
sp;-43.431667;-18.2975
sp;-43.563056;-18.180833
sp;-43.563056;-18.180833
sp;-43.783333;-18.008056
sp;-43.783333;-18.008056
sp;-43.618333;-18.199722
sp;-39.545556;-12.945278
sp;-39.466667;-12.866667
sp;-41.39417;-12.58361
sp;-43.0375;-14.875833
sp;-47.51;-6.8344444
sp;-47.455556;-15.380556
sp;-45.179444;-11.340556
sp;-47;-11.1705555556
sp;-45.781667;-15.333611
sp;-45.899722;-7.019722
sp;-50.12;-16.05
sp;-47.63833;-8.30167
sp;-47.865555;-7.9191666
sp;-43.926111;-18.584444
sp;-43.863056;-18.590833
sp;-43.7406;-18.4544
sp;-43.913611;-18.523333
sp;-43.915;-18.523889
sp;-43.926111;-18.584444
sp;-43.913611;-18.523333
sp;-43.915;-18.523889
sp;-43.913611;-18.523333
sp;-43.913611;-18.523333
sp;-43.915;-18.523889
sp;-43.913611;-18.523333
sp;-43.915;-18.523889
sp;-43.913611;-18.523333
sp;-43.908611;-18.313333
sp;-43.915;-18.523889
sp;-42.963611;-16.5925
sp;-42.896667;-16.579444
sp;-42.884722;-16.558056
sp;-42.962778;-16.597778
sp;-42.962778;-16.597778
sp;-42.963611;-16.5925
sp;-42.884722;-16.558056
sp;-42.896667;-16.579444
sp;-42.884722;-16.558056
sp;-42.963611;-16.5925
sp;-42.896667;-16.579444
sp;-42.889167;-16.654722
sp;-42.889167;-16.654722
sp;-42.949444;-16.604167
sp;-42.963611;-16.5925
sp;-42.9;-16.583333
sp;-42.890278;-16.553333
sp;-42.889167;-16.654722
sp;-41.160556;-13.315556
sp;-41.266667;-13.216667
sp;-41.266667;-13.216667
sp;-41.271667;-13.259722
sp;-44.031667;-20.063333
sp;-42.7075;-11.203333
sp;-42.7075;-11.203333
sp;-43.969908;-20.374461
sp;-43.691944;-20.166111
sp;-44.0875;-20.256111
sp;-44.428333;-20.401944
sp;-44.428333;-20.401944
sp;-44.0875;-20.256111
sp;-43.863333;-20.245833
sp;-43.649444;-20.175
sp;-43.905556;-20.28
sp;-43.902778;-20.28
sp;-43.897222;-20.277778
sp;-43.07;-17.1001
sp;-43.07;-17.1001
sp;-43.3204;-16.5807
sp;-43.312028;-17.083222
sp;-43.312028;-17.083222
sp;-43.346639;-17.039472
sp;-43.346222;-17.040111
sp;-43.315278;-17.035556
sp;-38.983333;-14.266667
sp;-39.039444;-14.383333
sp;-39.039444;-14.380556
sp;-54.9;-9.366667
sp;-43.352222;-19.407778
sp;-43.352222;-19.407778
sp;-43.352222;-19.407778
sp;-43.352222;-19.407778
sp;-43.373806;-19.405111
sp;-43.352222;-19.407778
sp;-39.014722;-13.7075
sp;-44.71667;-21.3
sp;-44.7166667;-21.3000001
sp;-43.550278;-19.258889
sp;-43.599722;-19.316667
sp;-40.497222;-11.162778
sp;-40.52;-11.18
sp;-40.52;-11.18
sp;-40.497222;-11.162778
sp;-40.666667;-11.083333
sp;-40.5;-11.233333
sp;-40.483333;-11.166667
sp;-40.483333;-11.166667
sp;-40.497222;-11.162778
sp;-39.383333;-11.166667
sp;-40.528611;-11.285556
sp;-40.5;-11.183333
sp;-40.494444;-11.1725
sp;-47.416667;-20.033333
sp;-38.862368;-13.053973
sp;-44.441667;-15.512222
sp;-44.191389;-17.709167
sp;-44.1131;-17.4229
sp;-44.193056;-17.693889
sp;-40.687528;-9.811083
sp;-45.366666;-21.466666
sp;-41.42;-12.47
sp;-41.27;-12.5
sp;-41.3944444444;-12.5661111111
sp;-41.376944;-12.548611
sp;-41.420556;-12.447222
sp;-41.383333;-12.55
sp;-41.383333;-12.55
sp;-41.418333;-12.559444
sp;-41.383333;-12.55
sp;-41.383333;-12.55
sp;-41.39;-12.562778
sp;-41.39;-12.562778
sp;-41.383333;-12.55
sp;-41.452778;-12.456667
sp;-42.364167;-14.5375
sp;-42.530833;-14.5375
sp;-48.17861;-16.28806
sp;-48.0122;-16.7179
sp;-48.012222;-16.717778
sp;-39.0217;-14.1781
sp;-39.005556;-14.118889
sp;-39.021667;-14.178056
sp;-39.205556;-14.178056
sp;-42.666389;-19.766111
sp;-46.417778;-10.547222
sp;-46.417777;-10.547222
sp;-46.781583;-10.5605
sp;-46.427778;-10.547222
sp;-46.456111;-10.473889
sp;-40.583333;-11.416667
sp;-40.516667;-11.333333
sp;-40.516667;-11.333333
sp;-40.516667;-11.333333
sp;-43.49884;-18.4718
sp;-48.417778;-9.63
sp;-43.957778;-20.283333
sp;-46.9006;-13.2564
sp;-43.0375;-14.876944
sp;-43.0375;-14.876944
sp;-43.017778;-15.083889
sp;-43.060278;-14.936667
sp;-42.815278;-15.231944
sp;-48.066667;-10.400556
sp;-41.27;-11.38
sp;-41;-11.63
sp;-41.1558;-11.5503
sp;-41.12;-11.45
sp;-41.266666;-11.383333
sp;-41.0025;-11.630556
sp;-41.209444;-11.090833
sp;-41.209444;-11.090833
sp;-41.209444;-11.090833
sp;-41.15;-11.55
sp;-41.15;-11.55
sp;-41.15;-11.566667
sp;-41.083333;-11.466667
sp;-41.033333;-11.633333
sp;-41.089722;-11.676389
sp;-41.089722;-11.676389
sp;-41.002222;-11.624444
sp;-40.999444;-11.625278
sp;-41.05;-11.6
sp;-41;-11.616667
sp;-41.15;-11.566667
sp;-41.15;-11.55
sp;-41.15;-11.55
sp;-41.15;-11.55
sp;-41.000833;-11.628056
sp;-41.001389;-11.635833
sp;-41.338056;-11.490278
sp;-41.002528;-11.630556
sp;-41.207778;-11.591389
sp;-40.993889;-11.630833
sp;-41.095278;-11.258611
sp;-41.2;-11.583333
sp;-40.993889;-11.630833
sp;-41.207778;-11.591389
sp;-40.990833;-11.583889
sp;-40.905278;-11.56
sp;-41.208889;-11.583333
sp;-41.369722;-11.471667
sp;-41.207778;-11.825278
sp;-43.3725;-19.218889
sp;-43.3725;-19.218889
sp;-43.655139;-19.375339
sp;-43.655139;-19.375339
sp;-43.655139;-19.375339
sp;-50.383333;-16.183333
sp;-50.166667;-15.066667
sp;-50.166667;-16.083333
sp;-50.180556;-16.067778
sp;-50.180556;-16.067778
sp;-50.180556;-16.067778
sp;-50.180556;-16.067778
sp;-41.3708;-13.0053
sp;-41.328611;-12.936388
sp;-41;-12
sp;-41.353889;-12.944722
sp;-41.376194;-13.006833
sp;-41.366667;-13
sp;-41.333333;-13
sp;-41.333333;-13
sp;-41.366667;-13
sp;-42.522778;-14.534722
sp;-41.349167;-12.988889
sp;-41.349167;-12.988889
sp;-41.366667;-13
sp;-41.348333;-12.989722
sp;-41.62;-13.024167
sp;-41.569444;-13.6725
sp;-41.569444;-13.6725
sp;-41.416667;-13.166667
sp;-41.316667;-12.933333
sp;-41.4;-12.95
sp;-41;-12
sp;-41;-12
sp;-41.340833;-12.988333
sp;-41.341389;-12.992222
sp;-41.343889;-13.016667
sp;-41.343889;-13.016667
sp;-41.343889;-13.016667
sp;-41.366667;-13
sp;-41.366667;-13
sp;-41.366667;-13
sp;-41.374722;-13.006667
sp;-41.391389;-13.000278
sp;-41.391389;-13.000278
sp;-41.333333;-12.966667
sp;-41.342222;-12.993333
sp;-41.353889;-12.994722
sp;-41.333333;-12.966667
sp;-41.333333;-12.966667
sp;-41.366667;-13.066667
sp;-41.383333;-14
sp;-41.3;-12.683333
sp;-41.373056;-13.117778
sp;-41.511389;-12.743889
sp;-41.483333;-12.816667
sp;-41.483333;-12.816667
sp;-41.510556;-12.756111
sp;-41.278333;-12.950278
sp;-41.278333;-12.950278
sp;-41.333333;-12.983333
sp;-41.333333;-12.983333
sp;-41.391111;-13.120833
sp;-41.370278;-13.003889
sp;-41.278611;-12.949167
sp;-41.278611;-12.949167
sp;-41.339167;-12.196389
sp;-41.322222;-12.949444
sp;-41.383333;-12
sp;-41.374444;-13.006667
sp;-41.367028;-13.015917
sp;-47.701944;-11.692778
sp;-47.719444;-11.692778
sp;-47.701389;-11.693611
sp;-48.440833;-14.026111
sp;-48.383333;-14.3
sp;-48.433333;-14.45
sp;-48.433333;-14.45
sp;-48.440833;-14.026111
sp;-43.956111;-20.095556
sp;-43.891111;-20.105278
sp;-43.985833;-20.075833
sp;-43.924722;-20.147222
sp;-43.979722;-20.190556
sp;-43.801389;-17.914444
sp;-43.766944;-17.637556
sp;-43.766944;-17.637556
sp;-43.766944;-17.637556
sp;-43.59247;-20.47559
sp;-43.701667;-20.491667
sp;-43.5081;-20.2875
sp;-43.521944;-20.466111
sp;-43.887564;-20.736958
sp;-43.57;-20.228333
sp;-48.069722;-10.343889
sp;-41.4936111111;-12.47
sp;-41.481111;-12.769444
sp;-41.525806;-12.603833
sp;-41.525778;-12.604778
sp;-41.525778;-12.604778
sp;-41.45;-12.466667
sp;-41.466667;-12.45
sp;-41.483333;-12.633333
sp;-41.65;-12.616667
sp;-41.466667;-12.45
sp;-40.879722;-19.231722
sp;-47.566667;-16.799444
sp;-42.633333;-13.456111
sp;-42.210278;-13.456111
sp;-48.091388;-13.042222
sp;-48.091389;-13.042222
sp;-50.248833;-6.056361
sp;-46.88333;-18.73333
sp;-46.8833333;-18.7333333
sp;-41.277778;-16.02
sp;-41.380556;-16.025
sp;-41.7728;-13.1519
sp;-41.9;-13.07
sp;-41.887778;-13.079167
sp;-41.75;-13.133333
sp;-41.776111;-13.129167
sp;-41.894167;-13.08
sp;-41.806667;-13.069722
sp;-41.891389;-13.048333
sp;-41.766667;-13.123333
sp;-41.765278;-13.124167
sp;-41.766111;-13.149167
sp;-41.776111;-13.129167
sp;-41.963889;-13.530833
sp;-40.372222;-10.664722
sp;-40.372222;-10.664722
sp;-40.372222;-10.664722
sp;-51.925833;-16.639444
sp;-48.834722;-15.793056
sp;-48.890833;-15.713056
sp;-48.883333;-15.816667
sp;-48.904111;-15.827694
sp;-48.836667;-15.790833
sp;-47.883333;-15.583333
sp;-47.5625;-15.4375
sp;-52.633333;-17.366667
sp;-48.4169;-10.7083
sp;-43.592222;-18.5725
sp;-43.592222;-18.5725
sp;-43.592222;-18.5725
sp;-42.781944;-16.119722
sp;-42.781944;-16.1175
sp;-42.781389;-16.114167
sp;-42.781944;-16.1175
sp;-43.801667;-20.143611
sp;-43.801667;-20.143611
sp;-42.43;-13.82
sp;-41.891111;-13.390555
sp;-41.799722;-13.591389
sp;-41.8775;-13.533611
sp;-41.816667;-13.583333
sp;-41.889722;-13.389444
sp;-42.35;-13.983333
sp;-42.716667;-14.35
sp;-41.883333;-13.366667
sp;-41.816667;-13.583333
sp;-41.9075;-13.518056
sp;-41.946944;-13.524167
sp;-41.946944;-13.524167
sp;-41.937778;-13.520278
sp;-41.912222;-13.511389
sp;-42.433333;-13.816667
sp;-41.783333;-13.4
sp;-41.805278;-13.570833
sp;-41.752222;-13.449167
sp;-41.868056;-13.541389
sp;-41.935278;-13.520278
sp;-41.838056;-13.436667
sp;-41.884167;-13.368611
sp;-41.950278;-13.550278
sp;-42;-13.934722
sp;-41.834722;-13.595278
sp;-41.888889;-13.381944
sp;-41.799444;-13.625
sp;-41.816667;-13.55
sp;-41.95;-13.533333
sp;-41.933333;-13.533333
sp;-41.933333;-13.533333
sp;-41.9;-13.533333
sp;-41.95;-13.533333
sp;-41.95;-13.533333
sp;-41.966667;-13.533333
sp;-41.889722;-13.389444
sp;-42.738611;-15.648055
sp;-42.71;-16.025278
sp;-42.705944;-15.958889
sp;-43.903944;-22.02575
sp;-42.779444;-15.388611
sp;-43.5;-20.133333
sp;-43.631389;-20.147778
sp;-43.630833;-20.148333
sp;-43.631111;-20.148889
sp;-43.631111;-20.149444
sp;-39.475833;-12.853611
sp;-39.809167;-13.5
sp;-39.473611;-12.858056
sp;-39.475833;-12.853611
sp;-39.475833;-12.853611
sp;-39.475833;-12.853611
sp;-39.475833;-12.853611
sp;-39.473611;-12.858056
sp;-39.569722;-12.7275
sp;-39.466667;-12.85
sp;-39.466667;-12.85
sp;-39.475833;-12.853611
sp;-43.759067;-19.006298
sp;-43.749374;-18.916045
sp;-43.7498;-19.9422
sp;-43.755556;-19.006111
sp;-43.757778;-18.950556
sp;-43.770583;-18.962833
sp;-43.755556;-19.006111
sp;-43.7387;-19.048
sp;-43.7498;-18.9422
sp;-43.755556;-19.006111
sp;-43.7498;-18.9422
sp;-43.7498;-18.9422
sp;-43.550278;-19.256944
sp;-43.551667;-19.263889
sp;-43.551944;-19.263889
sp;-43.551111;-19.2575
sp;-43.551111;-19.256944
sp;-43.551111;-19.258333
sp;-43.499444;-19.220278
sp;-43.49884;-19.2236
sp;-43.544722;-19.249444
sp;-43.54437;-19.24995
sp;-43.49884;-19.2236
sp;-43.55224;-19.2889
sp;-43.499444;-19.220278
sp;-44.6;-20.533333
sp;-45.6;-21.533333
sp;-43.6;-19.533333
sp;-43.595;-19.287222
sp;-43.551111;-19.256944
sp;-43.551111;-19.256944
sp;-43.551111;-19.256944
sp;-43.551111;-19.256944
sp;-43.551111;-19.256944
sp;-43.988889;-19.660139
sp;-43.590278;-19.297222
sp;-43.506694;-19.232389
sp;-43.728551;-19.051945
sp;-43.597867;-19.265933
sp;-43.568056;-19.290861
sp;-43.551111;-19.873611
sp;-43.551111;-19.256944
sp;-43.706944;-19.066667
sp;-43.710278;-19.058889
sp;-48.255;-15.9397
sp;-42.7525;-15.333611
sp;-45.18;-12.419722
sp;-46.062778;-13.290556
sp;-46.062778;-13.290556
sp;-43.448333;-19.882222
sp;-43.379167;-18.130556
sp;-43.379167;-18.130556
sp;-43.379167;-18.130556
sp;-43.379167;-18.130556
sp;-44.502589;-21.223861
sp;-44.299417;-21.128028
sp;-44.511361;-21.264722
sp;-41.326751;-18.368692
sp;-42.878333;-22.159167
sp;-42.868611;-22.155278
sp;-40.771944;-19.801111
sp;-43.293386;-19.322889
sp;-40.433333;-10.9
sp;-40.448611;-10.900556
sp;-41.501478;-9.897133
sp;-41.383083;-10.333
sp;-44.393611;-17.399722
sp;-43.475278;-18.432778
sp;-43.460556;-18.476944
sp;-41.104167;-14.22
sp;-46.338056;-12.3475
sp;-46.338056;-12.347222
sp;-46.338056;-12.3475
sp;-47.316667;-15.483333
sp;-41.262222;-17.856389
sp;-48.9575;-14.5675
sp;-60.073694;-14.915917
sp;-47.5;-16.66666
sp;-41.85;-13.3
sp;-48.43333;-14.45
sp;-48.43333;-14.45
sp;-38.3130556;-12.4930555
sp;-43.6013870239;-18.155834198
sp;-43.6013870239;-18.155834198
sp;-47.63015;-14.16562
sp;-41.739167;-13.248889
sp;-41.739167;-13.248889
sp;-41.848694;-20.409
sp;-44.009028;-14.282228
sp;-42.995667;-16.905028
sp;-44.250833;-17.915833
sp;-43.5025;-19.224444
sp;-44.660806;-21.457667
sp;-41.311111;-13.365278
sp;-41.311111;-13.365278
sp;-50.1708334;-8.0722223
sp;-43.680556;-18.3425
sp;-43.628056;-18.191944
sp;-42.903361;-16.575
sp;-43.563333;-16.963611
sp;-45.7775;-18.316667
sp;-44.193056;-17.693889
sp;-44.193056;-17.693889
sp;-44.194444;-17.7025
sp;-44.194444;-17.7025
sp;-41.366667;-13
sp;-41.349167;-12.988889
sp;-41.380833;-13.001667
sp;-43.720889;-20.483389
sp;-43.511611;-20.486472
sp;-41.202239;-19.459414
sp;-48.6447222;-8.4944444
sp;-41.802778;-13.576889
sp;-41.794139;-13.571333
sp;-41.802778;-13.576889
sp;-43.666667;-19.116667
sp;-43.698056;-20.077778
sp;-42.868611;-22.155278
sp;-42.868611;-22.154722
sp;-46.423889;-20.260278
sp;-43.450611;-18.461806
sp;-40.576944;-18.698333
abietina;-43.72035;-18.36499
abietina;-43.55;-18.55
abietina;-43.7;-18.27
abietina;-43.6556;-18.4458
abietina;-43.6556;-18.4458
abietina;-43.592777;-18.572222
abietina;-43.684444;-18.508333
abietina;-43.684444;-18.508333
abietina;-43.684444;-18.508333
abietina;-43.684444;-18.508333
abietina;-43.642500; -18.564444
abietina;-43.639639;-18.560639
abietina;-43.6003;-18.2494
abietina;-43.6003;-18.2494
abietina;-43.850556;-52.370556
abietina;-43.599167  ;-18.157500
abietina;-43.666667  ;-18.250000
abietina;-43.690667;-18.328167
abietina;-43.690667; -18.328167
abietina;-43.674611;-18.259083
abietina;-43.620722;-18.210528
abietina;-43.647583;-18.250583
abietina;-43.611028;-18.151361
abietina;-43.686972;-18.233000
abietina;-43.717389;-18.282444
abietina;-43.713056;-18.273139
abietina;-43.483333;-18.45
abietina;-43.647428;-18.251339
abietina;-43.712761;-18.273753
abietina;-43.715369;-18.282144
abietina;-43.6666666667;-18.25
abietina;-43.599203;-18.157289
abietina;-43.621181;-18.202072
abietina;-43.83445;-18.56465
abietina;-43.7406;-18.4544
abietina;-43.720667;-18.459472
abietina;-43.951083;-18.599389
abietina;-43.876642;-18.579539
abietina;-43.592500;-18.571944
abietina;-43.5925;-18.5719
abietina;-43.592500 ;-18.571944
abietina;-43.488722;-18.575722
abietina;-43.5925;-18.5719444444
abietina;-43.488658;-18.575675
abietina;-43.301556;-18.398583
abietina;-43.401250;-18.414806
abietina;-43.43833;-18.53861
abietina;-43.486947;-18.470556
abietina;-43.520889;-18.568111
abietina;-43.493028;-18.571778
abietina;-43.488194;-18.473917
abietina;-43.450333;-18.522389
abietina;-43.483333;-18.450000
abietina;-43.592861;-18.571722
abietina;-43.592772;-18.572083
aff. compacta;-43.465278;-20.133056
aff. variabilis;-44.961889;-21.728389
alata;-43.554488;-19.288549
alata;-43.7447;-19.5136
alata;-43.75576;-19.006194
alata;-43.762345;-19.008004
alata;-43.758611;-19.005833
albiflora;-43.666667;-18.25
albiflora;-44.6;-18.183333
albiflora;-44.583333;-18.116667
albiflora;-44.6;-18.183333
albiflora;-47.85;-15.866667
albiflora;-47.6525;-15.733333
albiflora;-47.85;-15.866667
albiflora;-47.85;-15.866667
albiflora;-47.85;-15.866667
albiflora;-41.286139;-20.175833
albiflora;-43.970386;-20.119969
albiflora;-43.972747;-20.136319
albiflora;-44.020833;-20.094444
albiflora;-43.278333;-20.510556
albiflora;-43.905833;-20.445833
albiflora;-43.899722;-20.434444
albiflora;-43.714056;-18.16375
albiflora;-43.552778;-18.355
albiflora;-44.616667;-18.216667
albiflora;-43.666667;-18.25
albiflora;-43.666667;-18.25
albiflora;-43.588075;-18.238711
albiflora;-43.571786;-18.227
albiflora;-43.588075;-18.238711
albiflora;-43.588075;-18.238711
albiflora;-43.571786;-18.227
albiflora;-48.303611;-18.990556
albiflora;-43.543889;-18.159167
albiflora;-43.903889;-17.926111
albiflora;-41.019167;-20.403889
albiflora;-43.25;-18.216667
albiflora;-42.472194;-20.747778
albiflora;-42.928611;-16.595
albiflora;-44.438611;-20.414444
albiflora;-44.0875;-20.256111
albiflora;-44.093889;-20.260278
albiflora;-43.965278;-20.2475
albiflora;-43.883056;-20.271111
albiflora;-43.656944;-20.150556
albiflora;-44.093889;-20.260278
albiflora;-40.981111;-19.741389
albiflora;-43.309994;-19.394919
albiflora;-43.88;-21.67
albiflora;-43.894181;-21.714458
albiflora;-43.883333;-21.7
albiflora;-43.824194;-21.940111
albiflora;-43.778639;-21.930528
albiflora;-43.991603;-20.352483
albiflora;-43.414444;-20.3525
albiflora;-43.436667;-20.153611
albiflora;-43.436667;-20.153611
albiflora;-43.436667;-20.153611
albiflora;-43.436667;-20.153611
albiflora;-43.436667;-20.153611
albiflora;-43.436667;-20.153611
albiflora;-50.383333;-16.183333
albiflora;-41.432222;-20.175
albiflora;-41.432222;-20.175
albiflora;-44.059258;-20.118519
albiflora;-43.956111;-20.095556
albiflora;-43.954167;-20.0975
albiflora;-43.991389;-20.077222
albiflora;-43.960556;-20.09
albiflora;-44.004556;-20.056889
albiflora;-44.05;-20.835277
albiflora;-43.711667;-20.483889
albiflora;-44.012778;-20.336944
albiflora;-43.57;-20.228333
albiflora;-43.506414;-20.382417
albiflora;-44.013056;-20.336944
albiflora;-43.083333;-18.083333
albiflora;-44.141975;-20.160572
albiflora;-43.6675;-20.111111
albiflora;-45.951167;-18.600444
albiflora;-44.15355;-20.101853
albiflora;-49.680519;-20.042864
albiflora;-43.6325;-20.148889
albiflora;-43.601389;-20.200556
albiflora;-43.598889;-20.206111
albiflora;-40.921389;-20.1775
albiflora;-40.826111;-19.874444
albiflora;-40.739722;-19.826944
albiflora;-40.616667;-19.936111
albiflora;-43.719722;-19.018889
albiflora;-44.499297;-21.230303
albiflora;-44.5026;-21.223872
albiflora;-40.775278;-19.796944
albiflora;-40.775278;-19.796944
albiflora;-40.775278;-19.796944
albiflora;-43.366667;-18.6
albiflora;-48;-17
albiflora;-50.17;-8.05
albiflora;-48;-17
albiflora;-48;-17
albiflora;-43.033333;-18.083333
albiflora;-43.033333 ;-18.083333
albiflora;-43.683333;-18.433333
albiflora;-43.550000;-18.333333
albiflora;-43.600000;-18.150000
albiflora;-43.600000;-18.183333
albiflora;-43.666667;-18.250000
albiflora;-44.583333;-18.116667
albiflora;-43.600000;-18.183333
albiflora;-44.600000;-18.183333
albiflora;-43.666667;-18.250000
albiflora;-43.616667 ;-18.166667
albiflora;-43.985556;-22.416667
albiflora;-43.600000;-21.800000
albiflora;-43.883333;-22.000000
albiflora;-43.371389;-18.145000
albiflora;-43.371389 ;-18.145000
albohexandra;-42.881042;-16.787950
aloifolia;-43.539757;-19.388386
aloifolia;-43.666667;-18.25
aloifolia;-43.883333;-18.333333
aloifolia;-44.6;-18.183333
aloifolia;-44.583333;-18.116667
aloifolia;-43.0106;-16.8722
aloifolia;-43.6003;-18.2494
aloifolia;-43.6003;-18.2494
aloifolia;-43.7833;-18.0833
aloifolia;-43.7833;-18.0833
aloifolia;-43.6003;-18.2494
aloifolia;-43;-18
aloifolia;-43;-18
aloifolia;-43;-18
aloifolia;-43.674722;-18.25
aloifolia;-48.303611;-18.990556
aloifolia;-43.521;-17.573222
aloifolia;-43.551128;-18.370844
aloifolia;-43.7406;-18.4544
aloifolia;-43.51675;-19.23425
aloifolia;-43.704722;-19.025
aloifolia;-43.724167;-19.020833
aloifolia;-43.484444;-19.22
aloifolia;-43.520555;-19.246666
aloifolia;-43.350000 ;-18.133333
aloifolia;-43.342222 ;-18.106944
aloifolia;-43.475278;-18.432778
aloifolia;-44.1666667;-20.1166667
aloifolia;-43.6;-18.25
aloifolia;-43.77;-18.87
aloifolia;-43.75;-18.85
aloifolia;-43.82;-18.83
alutacea;-47.8089;-14.1564
alutacea;-55.93;-15.27
alutacea;-48.4239;-14.7094
alutacea;-48.4239;-14.7094
andina;-63.75;-18.216667
andina;-63.676944;-18.283944
andina;-63.691111;-18.2525
angustifolia;-43.4;-18.93
angustifolia;-48.8086;-15.82419
angustifolia;-48.77;-15.8
angustifolia;-48.76328;-15.85
angustifolia;-43.6556;-18.4458
angustifolia;-47.09;-20.221667
angustifolia;-46.3872;-20.2604
angustifolia;-47.903611;-14.376111
angustifolia;-48.9592;-15.8525
angustifolia;-48.9592;-15.8525
angustifolia;-48.9592;-15.8525
angustifolia;-48.939444;-15.72
angustifolia;-48.939444;-15.719167
angustifolia;-48.946944;-15.718056
angustifolia;-48.925;-15.714722
angustifolia;-48.255;-15.9397
annulata;-47.5;-13.766667
annulata;-47.5;-13.766667
annulata;-47.5;-13.766667
armata;-43.024944;-16.870472
armata;-43.060972;-16.821333
armata;-43.036389;-16.842500
armata;-42.993528;-16.877083
armata;-43.05;-16.91666
asperula;-43.621944;-19.048611
asperula;-43.316389;-19.374722
asperula;-43.7447;-19.5136
auriculata;-43.683333;-19.55
auriculata;-42.891111;-17.857222
auriculata;-42.891111;-18.019444
auriculata;-42.724694;-18.005611
auriculata;-42.865000 ;-18.230833
auriculata;-43;-18
auriculata;-43.0092;-18.2936
auriculata;-43.045083;-18.134694
auriculata;-43.033889;-18.100833
auriculata;-43.045000;-18.134722
auriculata;-43.038889;-18.108333
auriculata;-43.045000;-18.134722
auriculata;-43.319167;-18.198056
auriculata;-43.318333;-18.196667
bahiana;-40.851389;-19.225278
barbaceniifolia;-43.72;-19.025833
barbaceniifolia;-43.709722;-19.038611
barbata;-43.6003;-18.2494
barbata;-43.620722  ;-18.210528
barbata;-43.624319  ;-18.203239
barbata;-44.061203  ;-18.294236
bicolor;-43.554488;-19.288549
bicolor;-43.4;-18.87
bicolor;-43.539757;-19.388386
bicolor;-43.554488;-19.288549
bicolor;-43.6003;-18.2494
bicolor;-43.3792;-18.6047
blanchetiana;-41.233333;-13.666667
blanchetiana;-41.1558;-11.5503
blanchetiana;-41.120483;-11.915867
blanchetiana;-41.001517;-11.625
blanchetiana;-40.999444;-11.625278
blanchetiana;-40.999444;-11.625278
blanchetiana;-41.7728;-13.1519
blanchetiana;-41.6110277777778;-10.2773333333333
blanchetiana;-41.364833;-10.44825
blanchetiana;-41.409722;-10.124722
blanchetiana;-54.111944;-9.684297
blanchetiana;-41.333333;-10.333333
blanchetiana;-40.8792777777778;-9.49538888888889
blanchetiana;-41.1166667;-11.9
brachypoda;-43.6007;-18.24015
brevifolia;-43.511878;-20.135094
brevifolia;-42.741111;-18.001111
brevifolia;-42.7411111;-18.0111944
brevifolia;-43.450833;-20.133333
brevifolia;-43.4153;-19.9594
brevifolia;-43.579144 ;-19.233267
brevifolia var. angustior;-43.694722;-19.035278
brevifolia var. angustior;-43.706944;-19.035278
brevifolia var. angustior l.b.sm.;-43.694722;-19.035278
breviscapa;-43.7;-18.27
breviscapa;-43.6003;-18.2494
breviscapa;-43.7833;-18.0833
breviscapa;-43.5611111;-18.17235
breviscapa;-43.6003;-18.2494
breviscapa;-43.600278;-18.249444
breviscapa;-43.552778;-18.355
breviscapa;-43.666667;-18.25
breviscapa;-43.773056;-18.293056
breviscapa;-43.773056;-18.293056
breviscapa;-43.542778;-18.352500
breviscapa;-43.738561 ;-18.296806
breviscapa;-43.54277778;-18.3525
breviscapa;-43.880292;-18.581219
burle-marxii;-41.146667;-11.558889
burle-marxii;-41.1558;-11.5503
burle-marxii;-41.1558;-11.5503
burle-marxii;-41.1558;-11.5503
burle-marxii;-41.001517;-11.625
burle-marxii;-41.001944;-11.626667
burle-marxii;-41.338056;-11.490278
burle-marxii;-41.082222;-11.479444
burle-marxii;-41.084444;-11.482778
burle-marxii;-41.001944;-11.626667
burle-marxii;-41.200833;-11.628056
burle-marxii;-41.107778;-11.573333
burle-marxii;-41.15;-11.616667
burle-marxii;-41.03;-11.63
burlemarxii;-41.131111;-11.569167
burlemarxii;-41.1467;-11.5589
burlemarxii;-41.0994444444444;-11.5994444444444
burlemarxii;-41.084444;-11.482778
burlemarxii;-41.200833;-11.628056
burlemarxii;-41.001944 ;-11.626667
burlemarxii;-41.107778 ;-11.573333
burlemarxii;-41.084444;-11.482778
burlemarxii;-41.033333;-11.633333
burlemarxii;-41.146667;-11.558889
burlemarxii;-41.004167;-11.625833
burlemarxii;-41.002019 ;-11.627314
burlemarxii;-41.01666;-11.63333
caespitosa;-43.3125;-18.232222
caespitosa;-43.3125;-18.232222
caespitosa;-43.567278 ; -18.568944
caespitosa;-43.680306 ; -18.343361
caespitosa;-43.927111 ; -18.585889
caespitosa;-43.927278 ; -18.585472
caespitosa;-43.839889 ; -18.298722
caespitosa;-43.844722 ; -18.294750
caespitosa;-43.852500 ; -18.296806
caespitosa;-43.749611 ; -18.299778
caespitosa;-43.577944 ; -18.595611
caespitosa;-43.553472 ; -18.357333
caespitosa;-43.552222 ; -18.347972
caespitosa;-43.896528 ; -18.538222
caespitosa;-43.592194 ; -18.571583
caespitosa;-43.591667 ; -18.571889
caespitosa;-43.3125;-18.232222
campanuloides;-41.98;-13.5
campanuloides;-41.983333;-13.5
campanuloides;-41.983333;-13.5
campanuloides;-41.983333;-13.5
campanuloides;-41.9575;-13.522778
campanuloides;-41.98333;-13.5
campanuloides;-41.983333;-13.5
cana;-50.00122;-16.0611
candida;-43.0084;-22.5309
candida;-41.1239;-20.0744
candida;-41.123889;-20.074444
candida;-41.123889;-20.074444
candida;-40.665556;-18.977778
candida;-40.798611;-18.944167
candida;-40.798611;-18.944167
candida;-40.802056;-18.944556
candida;-40.667778;-18.978889
candida;-40.777778;-19.006111
candida;-40.798611 ;-18.944167
candida;-40.801944;-18.934444
candida;-40.665556;-18.967778
candida;-40.665556;-18.967778
candida;-41.216944;-17.978333
candida;-41.219444;-17.978333
candida;-40.890833;-18.755
candida;-40.995833;-17.8275
candida;-40.995;-17.863333
candida;-41.100556;-20.519167
candida;-41.100556;-20.519167
candida;-41.100556;-20.519167
candida;-41.083611;-20.516111
candida;-41.098611;-20.5375
candida;-41.098611;-20.5375
candida;-41.098611 ;-20.537500
candida;-41.083611 ;-20.516111
candida;-40.630278;-19.539444
candida;-40.447500 ;-20.516111
candida;-39.777222;-16.678056
candida;-40.551111;-19.348333
candida;-40.550833;-19.348250
candida;-39.866667 ;-12.900000
candida;-40.432778;-18.7825
candida;-40.4475;-18.770278
candida;-40.400278;-18.7775
candida;-40.774889;-19.191472
candida;-40.876667;-19.231111
candida;-41.366667;-15.95
candida;-41.366667;-15.950000
candida;-43.2075;-22.9031
candida;-43.243611;-22.991667
candida;-40.741389;-19.827222
candida;-40.616667;-19.936111
candida;-40.716667;-17.616667
candida;-40.468889;-18.803889
candida;-41.260944;-17.855972
candida;-41.260944;-17.855972
candida;-41.260944;-17.855972
candida;-41.260944;-17.855972
candida;-41.260833;-17.856111
candida;-41.260833;-17.856111
candida;-41.260833;-17.856111
candida;-41.260833;-17.856111
candida;-41.260833 ;-17.856111
candida;-41.260833;-17.856111
candida;-40.582778;-18.643889
candida;-40.588611;-18.639444
candida;-40.604167;-18.615
candida;-40.604167 ;-18.615000
candida;-40.588611 ;-18.639444
candida;-41.3666648865;-15.9499998093
canelinha;-41.95;-13.533333
canelinha;-41.433333;-12.466667
canelinha;-41.95;-13.53
canelinha;-41.8114;-13.5792
canelinha;-41.97;-13.53
canelinha;-41.95;-13.533333
canelinha;-41.966667;-13.533333
canelinha;-41.95;-13.533333
canelinha;-41.95;-13.517222
canelinha;-41.966667;-13.533333
canelinha;-41.95;-13.533333
canelinha;-41.18;-13.32
canelinha;-41.57;-13.3102
canelinha;-41.966667;-13.533333
canelinha;-41.950000;-13.517222
canelinha;-41.95;-13.53333
canelinha;-41.96666;-13.53333
canelinha;-41.95;-13.533333
canelinha;-41.95;-13.533333
capiticola;-41.15115;-11.4733305555556
capiticola;-41.15115;-11.473331
caput-ardeae;-43.685125;-18.412369
caput-ardeae;-43.683466;-18.411039
caput-ardeae;-43.683466;-18.411039
caput-ardeae;-43.680833;-18.343056
caput-ardeae;-43.6808333333;-18.3430555556
caput-ardeae;-43.6003;-18.2494
caput-ardeae;-43.6003;-18.2494
caput-ardeae;-43.6003;-18.2494
caput-ardeae;-43.590278;-18.201944
caput-ardeae;-43.693158;-18.263083
caput-ardeae;-43.675197;-18.259658
caput-ardeae;-43.533081;-18.119039
caput-ardeae;-43.688272;-18.285333
caput-ardeae;-43.654042 ;-18.463036
caput-ardeae;-43.749023;-18.915875
caput-ardeae;-43.751425;-18.922042
caput-ardeae;-43.704722;-19.025
caput-ardeae;-43.6667;-18.4167
caruncularis;-43.554488;-19.288549
caruncularis;-43.548872;-19.278562
caruncularis;-43.518056;-19.2475
caruncularis;-41.883333;-13.300000
caruncularis;-43.5775;-20.018333
caruncularis;-43.9378;-19.9208
caruncularis;-43.885833;-19.948056
caruncularis;-43.909444;-20.435278
caruncularis;-43.983906;-20.107833
caruncularis;-43.972747;-20.136319
caruncularis;-44.02675;-20.076861
caruncularis;-44.216667;-20.133333
caruncularis;-44.216667;-20.133333
caruncularis;-44.216667;-20.133333
caruncularis;-44.216667;-20.133333
caruncularis;-44.216667;-20.133333
caruncularis;-44.216667;-20.133333
caruncularis;-44.216667;-20.133333
caruncularis;-43.883333;-18.033333
caruncularis;-43.918889;-20.441111
caruncularis;-43.918889;-20.441111
caruncularis;-43.930278;-20.421389
caruncularis;-43.930278;-20.421389
caruncularis;-44.0533;-19.9319
caruncularis;-43.6556;-18.4458
caruncularis;-43.6003;-18.2494
caruncularis;-43.552778;-18.355
caruncularis;-43.552778;-18.355
caruncularis;-43.666667;-18.25
caruncularis;-43.883333;-18.333333
caruncularis;-43.589869;-18.222857
caruncularis;-43.589869;-18.222857
caruncularis;-43.571483;-18.199153
caruncularis;-43.589869;-18.222857
caruncularis;-43.571483;-18.199153
caruncularis;-43.589869;-18.222857
caruncularis;-43.589869;-18.222857
caruncularis;-43.571483;-18.199153
caruncularis;-43.680639;-18.268278
caruncularis;-43.738333;-18.295000
caruncularis;-44.606019;-20.203858
caruncularis;-44.569367;-20.2
caruncularis;-44;-21.062803
caruncularis;-43.255814;-19.526439
caruncularis;-43.478056;-19.469167
caruncularis;-44.0875;-20.256111
caruncularis;-43.965278;-20.2475
caruncularis;-43.654722;-20.153889
caruncularis;-44.0875;-20.256111
caruncularis;-43.3089;-17.0647
caruncularis;-43.083333;-18.016667
caruncularis;-43.269722;-19.427778
caruncularis;-43.583333;-19.166667
caruncularis;-43.7447;-19.5136
caruncularis;-43.58;-19.17
caruncularis;-43.58;-19.17
caruncularis;-43.583333;-19.166667
caruncularis;-44.999444;-21.245278
caruncularis;-44.999444;-21.245278
caruncularis;-44.999444;-21.245278
caruncularis;-44.999444;-21.245278
caruncularis;-44.999444;-21.245278
caruncularis;-44.974167;-21.331944
caruncularis;-44.952167;-21.345917
caruncularis;-44.999444;-21.245278
caruncularis;-44.999444;-21.245278
caruncularis;-43.432222;-20.197222
caruncularis;-43.433333;-20.198611
caruncularis;-43.419167;-20.313889
caruncularis;-43.419167;-20.313889
caruncularis;-43.432222;-20.197222
caruncularis;-43.956389;-20.277778
caruncularis;-44.059258;-20.118519
caruncularis;-43.956111;-20.095556
caruncularis;-43.954167;-20.0975
caruncularis;-43.991389;-20.077222
caruncularis;-43.991389;-20.077222
caruncularis;-43.960556;-20.09
caruncularis;-43.960556;-20.09
caruncularis;-43.960556;-20.09
caruncularis;-43.978611;-20.048611
caruncularis;-43.550556;-20.233056
caruncularis;-44.003333;-20.336667
caruncularis;-44.003611;-20.336667
caruncularis;-41.8114;-13.5792
caruncularis;-44.15355;-20.101853
caruncularis;-43.619167;-20.141111
caruncularis;-43.763056;-19
caruncularis;-43.78937;-18.927433
caruncularis;-43.758371;-18.962842
caruncularis;-43.743075;-18.945079
caruncularis;-43.734439;-18.957011
caruncularis;-43.766667;-18.866667
caruncularis;-43.7142;-19.1692
caruncularis;-43.717222;-19.033056
caruncularis;-43.708056;-19.046389
caruncularis;-43.573136;-19.340261
caruncularis;-43.499444;-19.2225
caruncularis;-43.521994;-19.226761
caruncularis;-43.585833;-19.343611
caruncularis;-43.586944;-19.287500
caruncularis;-43.670000;-19.114444
caruncularis;-43.583333;-19.233333
caruncularis;-43.833333;-18.166667
caruncularis;-44;-21.093953
caruncularis;-44;-21.06775
caruncularis;-43.460556;-18.476944
caruncularis;-43.58;-19.17
caruncularis;-43.58;-19.17
caudata;-41.95;-13.533333
caudata;-41.88;-13.27
caudata;-41.92;-13.25
caudata;-41.88;-13.33
caudata;-41.88;-13.28
caudata;-41.9;-13.28
caudata;-41.883333;-13.266666
caudata;-41.883333;-13.283333
caudata;-41.9;-13.266667
caudata;-41.883333;-13.333333
caudata;-41.9;-13.283333
caudata;-41.900833;-13.282778
caudata;-41.833333;-13.316667
caudata;-41.900000 ; -13.283333
caudata;-41.883333 ; -13.033333
caudata;-41.700000 ; -13.266667
caudata;-41.916667 ; -13.250000
caudata;-41.883333 ; -13.266667
caudata;-41.883333 ; -13.266667
caudata;-41.883333 ; -13.283333
caudata;-41.766667 ; -13.383333
caudata;-42;-13.52
caudata;-42;-13.52
caudata;-42;-13.516667
caudata;-42;-13.516667
caudata;-42;-13.516667
caudata;-42.000000 ; -13.516667
caudata;-42.000000 ; -13.516667
caudata;-42.000000 ; -13.516667
caudata;-41.338611;-12.803333
caudata;-41.338611;-12.803333
caudata;-41.3;-12.683333
caudata;-41.95;-13.53
caudata;-41.95;-13.53
caudata;-41.8114;-13.5792
caudata;-41.97;-13.53
caudata;-41.97;-13.53
caudata;-41.95;-13.53
caudata;-41.95;-13.53
caudata;-41.9575;-13.5186
caudata;-41.95;-13.533333
caudata;-41.95;-13.533333
caudata;-41.95;-13.533333
caudata;-41.95;-13.533333
caudata;-41.95;-13.533333
caudata;-41.948889;-13.503611
caudata;-41.851944;-13.475556
caudata;-41.962778;-13.524722
caudata;-41.937778;-13.520278
caudata;-41.960278;-13.523611
caudata;-41.964444;-13.526111
caudata;-41.826667;-13.598889
caudata;-41.851944;-13.475556
caudata;-41.966667;-13.533333
caudata;-41.95;-13.533333
caudata;-41.95;-13.533333
caudata;-41.966667;-13.533333
caudata;-41.95;-13.533333
caudata;-41.966667;-13.533333
caudata;-41.933333;-13.533333
caudata;-41.869444;-13.475556
caudata;-41.826667 ; -13.598889
caudata;-41.957500 ; -13.518611
caudata;-41.960278 ; -13.523611
caudata;-41.950000 ; -13.550000
caudata;-41.950000 ; -13.533333
caudata;-41.966667 ; -13.533333
caudata;-41.950000 ; -13.533333
caudata;-41.966667 ; -13.533333
caudata;-41.966667 ; -13.533333
caudata;-41.933333 ; -13.533333
caudata;-41.95;-13.53333
caudata;-41.88333;-13.26666
caudata;-42;-13.51666
caudata;-41.95;-13.53333
caudata;-41.95;-13.53333
caudata;-41.95;-13.55
caudata;-42;-13.52
caudata;-39.87;-12.9
caudata;-41.883333;-13.266667
caudata;-42;-13.516667
caudata;-41.95;-13.533333
caudata;-41.95;-13.533333
caudata;-41.95;-13.533333
cf. metzgerae;-43.704722;-19.025
cf. pumila;-42.196111;-15.607222
cf. variabilis;-47.85;-15.866667
cf. variabilis;-48.51667;-17.8
cf.metzgerae;-43.704722;-19.025
cf.stipitata;-43.756389;-19.003889
ciliata;-43.076356;-16.741294
ciliata;-43.6003;-18.2494
ciliata;-43.475942;-18.503689
ciliata;-43.5;-18.1166666667
ciliata;-42.900833;-16.566667
ciliata;-42.9083333333;-16.5666666667
ciliata;-42.901847  ;-16.572592
ciliata;-43.347222;-16.971944
ciliata;-43.346619 ;-16.974189
ciliata;-43.3474722222;-16.9721388889
ciliata;-43.335833;-18.453056
ciliata;-43.3360833333;-18.4531666667
ciliata;-43.371389;-18.145000
ciliata;-43.337500 ;-18.131389
ciliata;-43.337500;-18.131389
ciliata;-43.3375;-18.1313888889
ciliata;-43.3711111111;-18.1436111111
cinerascens;-37.253;-10.4107
cinerascens;-44.455025;-9.190044
cinerascens;-44.455025;-9.190044
cinerascens;-37.233611;-8.518889
cinerascens;-37.233611;-8.518889
cinerascens;-37.233611;-8.518889
cinerascens;-43.488889;-9.220833
cinerascens;-41.3795277777778;-9.44136111111111
cinerascens;-41.379528;-9.441361
cinerascens;-37.148333;-10.688611
cinerascens;-40.55025;-9.32738888888889
cinerascens;-40.5503888888889;-9.32708333333333
cinerascens;-40.5514444444444;-9.31811111111111
cinerascens;-40.55025;-9.31691666666667
cinerascens;-40.5542083333333;-9.32996111111111
cinerascens;-40.5536305555556;-9.32977222222222
cinerascens;-40.5565694444444;-9.33101944444445
cinerascens;-40.551444;-9.325167
cinerascens;-40.5525;-9.327778
cinerascens;-40.556569;-9.331019
cinerascens;-40.554208;-9.329961
cinerascens;-40.553631;-9.329772
cinerascens;-40.2104722222222;-10.36625
cipoensis;-43.642022;-19.345519
cipoensis;-43.642225;-19.345225
cipoensis;-43.638219;-19.346706
compacta;-43.539757;-19.388386
compacta;-43.7;-18.33
compacta;-43.8;-20.22
compacta;-43.4927778;-20.1263
compacta;-43.466667;-19.916667
compacta;-43.983333;-20.1
compacta;-44.216667;-20.133333
compacta;-43.4044;-19.4907
compacta;-43.666667;-19.816667
compacta;-49.672067;-20.01595
compacta;-43.666667;-19.816667
compacta;-43.678889;-19.818889
compacta;-43.678917;-19.818778
compacta;-43.456389;-20.135556
compacta;-43.681328;-20.237114
compacta;-43.450833;-20.134444
compacta;-43.415556;-20.159167
compacta;-43.466944;-20.117778
compacta;-43.503056;-20.083889
compacta;-43.349167;-19.164444
compacta;-43.918889;-20.441111
compacta;-43.918889;-20.441111
compacta;-43.905833;-20.445833
compacta;-43.905833;-20.445833
compacta;-43.905833;-20.445833
compacta;-43.880444;-18.666194
compacta;-43.717500;-18.422500
compacta;-44.569367;-20.2
compacta;-43.864444;-20.164444
compacta;-44.453394;-20.401544
compacta;-44.0875;-20.256111
compacta;-43.965278;-20.2475
compacta;-43.885;-20.279722
compacta;-44.0875;-20.256111
compacta;-43.864444;-20.164444
compacta;-43.840000;-20.211389
compacta;-43.433333;-20.198611
compacta;-43.453056;-20.161667
compacta;-43.436667;-20.153611
compacta;-43.436667;-20.153611
compacta;-43.436667;-20.153611
compacta;-43.436667;-20.153611
compacta;-44.572453;-20.590122
compacta;-44.572453;-20.590122
compacta;-44.566667;-20.545678
compacta;-43.958611;-20.33
compacta;-43.8467;-19.9858
compacta;-43.954167;-20.0975
compacta;-43.954167;-20.0975
compacta;-43.924722;-20.147222
compacta;-43.924722;-20.147222
compacta;-43.924722;-20.147222
compacta;-43.878611;-20.130833
compacta;-43.924722;-20.147222
compacta;-43.6917;-20.5208
compacta;-44.05;-20.833333
compacta;-43.716667;-20.483333
compacta;-43.710833;-20.482778
compacta;-43.718333;-20.485556
compacta;-43.712222;-20.483889
compacta;-43.716667;-20.483333
compacta;-43.508056;-20.2875
compacta;-43.969908;-20.374461
compacta;-43.961961;-20.360725
compacta;-43.807717;-20.703394
compacta;-44.014722;-20.3275
compacta;-44.003333;-20.336667
compacta;-44.431944;-20.406667
compacta;-44.431944;-20.406667
compacta;-43.4925;-20.431111
compacta;-43.505328;-20.385306
compacta;-44.431944;-20.406667
compacta;-44.003611;-20.336667
compacta;-43.523056;-20.462500
compacta;-44.141975;-20.160572
compacta;-43.678889;-19.818611
compacta;-43.4153;-19.9594
compacta;-43.516667;-20.116667
compacta;-44.15355;-20.101853
compacta;-43.751218;-18.947649
compacta;-43.7142;-19.1692
compacta;-43.7142;-19.1692
compacta;-43.706944;-19.035278
compacta;-43.595222;-19.29125
compacta;-43.84;-20.21138
compacta;-43.95;-19.67
coronata;-43.7117;-18.4
coronata;-43.6003;-18.2494
coronata;-43.6003;-18.2494
coronata;-43.838056;-18.298611
coronata;-43.754444;-18.292222
coronata;-43.736944;-18.294167
coronata;-43.73495;-18.44245
coronata;-43.7406;-18.4544
coronata;-43.7406;-18.4544
coronata;-43.7406;-18.4544
coronata;-43.548872;-19.278562
costata;-43.52;-18.6
crassicaulis;-43.4927778;-20.1263
crassicaulis;-43.7;-18.27
crassicaulis;-43.4927778;-20.1263
crassicaulis;-44.99;-12.15
crassicaulis;-47.78472222;-15.6555
crassicaulis;-47.916667;-15.95
crassicaulis;-47.916667;-15.95
crassicaulis;-47.85;-15.866667
crassicaulis;-43.4247;-19.0372
crassicaulis;-48.76328;-15.85
crassicaulis;-48.76328;-15.85
crassicaulis;-47.6;-16.79518
crassicaulis;-47.6;-16.79518
crassicaulis;-47.6;-16.77711
crassicaulis;-47.6136;-16.7686
crassicaulis;-47.6136;-16.7686
crassicaulis;-47.6136;-16.7686
crassicaulis;-47.666667;-15.75
crassicaulis;-43.5366667;-18.1838
crassicaulis;-43.6003;-18.2494
crassicaulis;-50.00122;-16.0611
crassicaulis;-43.7406;-18.4544
crassicaulis;-54.9153972;-9.0949088
crassicaulis;-48.45;-14.58557
crassicaulis;-48.4597;-14.4739
crassicaulis;-48.9592;-15.8525
crassicaulis;-48.9592;-15.8525
crassicaulis;-43.0594;-18.1422
crassicaulis;-43.0092;-18.2936
crassicaulis;-43.3792;-18.6047
crinita;-43.893633;-21.708075
crinita;-43.899417;-21.700583
crinita;-43.894147;-21.711925
crinita;-44.200000 ;-21.116667
crinita;-44.200000 ;-21.116667
crinita;-44.1752777778;-21.0863888889
crinita;-44.1752777778;-21.0863888889
crinita;-44.152528 ;-21.086389
crinita;-43.8992;-21.7006
cryptantha;-43.6003;-18.2494
cryptantha;-43.552778;-18.355
cryptantha;-43.600278;-18.249444
cryptantha;-43.620417;-18.154300
cryptantha;-43.588711;-18.239956
cryptantha;-43.627794 ;-18.195092
cryptantha;-43.527406;-18.277497
dasypus;-39;-14.17
dasypus;-38.905556;-13.206389
dasypus;-40.6725;-11.086944
dasypus;-40.8225;-11.086944
dasypus;-47.516667;-14.116667
dasypus;-41.323611;-12.890833
dasypus;-41.333333;-12.95
dasypus;-41.333333;-12.95
dasypus;-41.333333 ; -12.950000
dasypus;-37.0338888889;-10.0805555556
dasypus;-37.1854;-10.4529
dasypus;-37.1854;-10.4529
dasypus;-37.1854;-10.4529
dasypus;-37.1854;-10.4529
dasypus;-37.1854;-10.4529
dasypus;-37.341083;-10.772222
dasypus;-37.1854;-10.4529
dasypus;-37.1854;-10.4529
dasypus;-37.1854;-10.4529
dasypus;-37.3425;-10.755278
dasypus;-37.1854;-10.4529
dasypus;-37.1854;-10.4529
dasypus;-37.20265;-10.45138
dasypus;-37.2012;-10.4558
dasypus;-37.1854;-10.4529
dasypus;-41.233333;-13.666667
dasypus;-41.483333;-12.616667
dasypus;-42.459167;-14.138611
dasypus;-42.459167 ; -14.138611
dasypus;-39.033333;-13.483333
dasypus;-39.033333;-13.483333
dasypus;-38.35;-12.93
dasypus;-38.3;-12.65
dasypus;-38.316667;-12.683333
dasypus;-41.45;-12.466667
dasypus;-38.316667;-12.683333
dasypus;-38.3552777778;-12.9358333333
dasypus;-38.35;-12.933333
dasypus;-39.000000 ; -14.066667
dasypus;-38.283333;-12.6
dasypus;-38.283333;-12.6
dasypus;-38.08;-11.94
dasypus;-37.855;-12.243611
dasypus;-37.2617;-11.1607
dasypus;-41.283333;-13.4
dasypus;-41.283333;-13.4
dasypus;-41.300833;-13.363611
dasypus;-41.216667 ; -13.383333
dasypus;-37.3558333333;-10.7730555556
dasypus;-37.3611111111;-10.7391666667
dasypus;-37.3333333333;-10.75
dasypus;-37.253;-10.4107
dasypus;-37.253;-10.4107
dasypus;-37.148333;-10.688611
dasypus;-37.253;-10.4107
dasypus;-37.0854;-10.4119
dasypus;-37.253;-10.4107
dasypus;-37.355833;-10.773056
dasypus;-37.253;-10.4107
dasypus;-37.253;-10.4107
dasypus;-37.253;-10.4107
dasypus;-37.253;-10.4107
dasypus;-37.20265;-10.45138
dasypus;-37.253;-10.4107
dasypus;-37.253;-10.4107
dasypus;-37.253;-10.4107
dasypus;-37.253;-10.4107
dasypus;-37.253;-10.4107
dasypus;-37.253;-10.4107
dasypus;-37.253;-10.4107
dasypus;-37.335556;-10.752222
dasypus;-39.07;-14.37
dasypus;-38.9967;-14.2778
dasypus;-38.9967;-14.2778
dasypus;-39.066667;-14.366667
dasypus;-38.983333;-14.266667
dasypus;-39.039722;-14.380556
dasypus;-39.066667;-14.366667
dasypus;-39.066667 ; -14.366667
dasypus;-39.066667 ; -14.366667
dasypus;-39.014722;-13.7075
dasypus;-40.51667;-11.18333
dasypus;-40.655278;-11.055278
dasypus;-40.494444;-11.1725
dasypus;-40.511022;-11.176350
dasypus;-40.672500 ; -11.086944
dasypus;-38.905556;-13.206389
dasypus;-38.906389;-13.207222
dasypus;-37.5624;-10.3536
dasypus;-36.837861;-10.62
dasypus;-36.5624;-10.3536
dasypus;-38.316667;-12.883333
dasypus;-38.330833;-12.921667
dasypus;-38.318333;-12.92
dasypus;-38.316667;-12.9
dasypus;-41.3897;-12.5633
dasypus;-41.3897;-12.5633
dasypus;-41.3897;-12.5633
dasypus;-41.370783;-12.544633
dasypus;-41.41667;-12.46667
dasypus;-41.26667;-12.5
dasypus;-41.41667;-12.46667
dasypus;-41.3944444444;-12.5661111111
dasypus;-41.383333;-12.5
dasypus;-41.383333;-12.5
dasypus;-41.383333;-12.5
dasypus;-41.383333;-12.5
dasypus;-41.383333;-12.566667
dasypus;-41.383333;-12.566667
dasypus;-41.45;-12.466667
dasypus;-41.416667;-12.45
dasypus;-41.45;-12.466667
dasypus;-41.45;-12.466667
dasypus;-41.416667;-12.45
dasypus;-41.45;-12.466667
dasypus;-41.383333;-12.583333
dasypus;-41.361389;-12.542222
dasypus;-41.383333;-12.5
dasypus;-41.391667;-12.585833
dasypus;-41.383333;-12.566667
dasypus;-41.383333;-12.566667
dasypus;-41.45;-12.45
dasypus;-41.45;-12.45
dasypus;-41.416667;-12.45
dasypus;-41.416667;-12.45
dasypus;-41.383333;-12.5
dasypus;-41.383333;-12.5
dasypus;-41.383333;-12.5
dasypus;-41.433333;-12.55
dasypus;-41.383333;-12.566667
dasypus;-41.418333;-12.463333
dasypus;-41.383333;-12.583333
dasypus;-41.366667;-12.516667
dasypus;-41.45;-12.466667
dasypus;-41.466667;-12.45
dasypus;-41.533333;-12.583333
dasypus;-41.416667;-12.45
dasypus;-41.452778;-12.456667
dasypus;-41.420833;-12.4625
dasypus;-41.454167;-12.466944
dasypus;-41.383333;-12.5
dasypus;-41.418333 ; -12.463333
dasypus;-41.383333 ; -12.500000
dasypus;-41.383333 ; -12.500000
dasypus;-41.366667 ; -12.633333
dasypus;-41.366667 ; -12.633333
dasypus;-41.416667 ; -12.450000
dasypus;-41.452778 ; -12.456667
dasypus;-41.452778 ; -12.456667
dasypus;-41.416667 ; -12.466667
dasypus;-41.420833 ; -12.462500
dasypus;-41.454167 ; -12.466944
dasypus;-41.366667 ; -12.466667
dasypus;-39.0144;-14.1033
dasypus;-39.0166;-14.1833
dasypus;-39.0056;-14.12
dasypus;-39.03416667;-14.20194444
dasypus;-39.0144;-14.1033
dasypus;-38.933333;-13.95
dasypus;-38.933333;-13.95
dasypus;-39;-14.1
dasypus;-38.930556;-13.943056
dasypus;-39.018056;-14.220556
dasypus;-38.95;-14.066667
dasypus;-39.018056 ; -14.220556
dasypus;-39.021667 ; -14.178056
dasypus;-39.000000 ; -14.166667
dasypus;-38.283333;-12.516667
dasypus;-38.283333;-12.516667
dasypus;-38.024444 ; -12.530000
dasypus;-40.516667;-11.333333
dasypus;-40.516667;-11.333333
dasypus;-41.2;-11.583333
dasypus;-41.3706;-13.0056
dasypus;-41.3706;-13.0056
dasypus;-41.3706;-13.0056
dasypus;-41.3706;-13.0056
dasypus;-41.47;-12.97
dasypus;-41.38;-13.23
dasypus;-41.36667;-12.98333
dasypus;-41.650556;-13.659167
dasypus;-41.343889;-13.016667
dasypus;-41.3;-12.683333
dasypus;-41.278333;-12.950556
dasypus;-41.383333;-13.233333
dasypus;-41.377778;-13.087778
dasypus;-41.5;-12.95
dasypus;-41.339444;-12.988333
dasypus;-41.35;-12.983333
dasypus;-41.3;-12.683333
dasypus;-41.277778;-12.951389
dasypus;-41.385;-12.995556
dasypus;-41.339167;-12.996389
dasypus;-41.341389;-12.991667
dasypus;-41.383333;-12
dasypus;-41.366667;-13.066667
dasypus;-41.339167;-13.136944
dasypus;-41.379444;-13.073333
dasypus;-41.383333;-13
dasypus;-41.416667;-13.016667
dasypus;-41.466667;-12.966667
dasypus;-41.367028;-13.015917
dasypus;-41.367028;-13.015917
dasypus;-41.367028;-13.015917
dasypus;-41.420528;-12.992222
dasypus;-41.420528;-12.992222
dasypus;-41.377778;-13.866667
dasypus;-41.366667 ; -12.983333
dasypus;-41.357222 ; -12.992222
dasypus;-41.320278 ; -12.959167
dasypus;-41.353889 ; -12.994722
dasypus;-41.466667 ; -12.966667
dasypus;-41.416667 ; -13.016667
dasypus;-39.045278;-13.694722
dasypus;-39.014722 ; -13.707500
dasypus;-41.4713888889;-12.4577777778
dasypus;-41.4777777778;-12.4602777778
dasypus;-41.466667;-12.45
dasypus;-41.5589;-12.5292
dasypus;-41.5589;-12.5292
dasypus;-41.5589;-12.5292
dasypus;-41.525778;-12.604778
dasypus;-41.466667;-12.45
dasypus;-41.466667;-12.45
dasypus;-41.466667;-12.45
dasypus;-41.366667;-12.516667
dasypus;-41.366667;-12.516667
dasypus;-41.473056;-12.455292
dasypus;-41.457778;-12.463889
dasypus;-41.496667;-12.5225
dasypus;-41.510833;-12.62
dasypus;-41.466667;-12.45
dasypus;-41.558889;-12.528889
dasypus;-41.466667;-12.466667
dasypus;-41.466667;-12.45
dasypus;-41.470833;-12.455556
dasypus;-41.468056;-12.454722
dasypus;-41.468056 ; -12.454722
dasypus;-41.468056 ; -12.454722
dasypus;-41.466667 ; -12.450000
dasypus;-41.470833 ; -12.455556
dasypus;-41.466667 ; -12.450000
dasypus;-40.3632222222222;-10.6671388888889
dasypus;-40.3645555555556;-10.6661111111111
dasypus;-40.37775;-10.6923611111111
dasypus;-40.37775;-10.692361
dasypus;-36.5121;-10.4416
dasypus;-36.757639;-10.633361
dasypus;-36.5121;-10.4416
dasypus;-38.35;-12.933333
dasypus;-38.5106;-12.9711
dasypus;-38.326094;-12.909706
dasypus;-38.5106;-12.9711
dasypus;-38.5;-12.966667
dasypus;-38.5;-12.966667
dasypus;-38.5;-12.966667
dasypus;-38.5;-12.966667
dasypus;-38.5;-12.966667
dasypus;-38.5;-12.966667
dasypus;-38.5;-12.966667
dasypus;-38.5;-12.966667
dasypus;-38.5;-12.983333
dasypus;-38.5;-12.983333
dasypus;-38.340278;-12.943056
dasypus;-38.5;-12.966667
dasypus;-38.5;-12.966667
dasypus;-38.5;-12.966667
dasypus;-38.5;-12.966667
dasypus;-38.35;-12.933333
dasypus;-38.5;-12.966667
dasypus;-38.326389;-12.929167
dasypus;-38.35;-12.933333
dasypus;-37.0315;-10.4721
dasypus;-37.0315;-10.4721
dasypus;-37.031;-10.5253
dasypus;-37.031;-10.5253
dasypus;-37.054167;-10.789167
dasypus;-37.3404;-10.473
dasypus;-40.202222;-10.362778
dasypus;-38.6;-12.95
dasypus;-39.186667;-14.663889
dasypus;-38.707222;-12.995
dasypus;-38.655556;-13.003056
dasypus;-38.656667;-13.002778
dasypus;-38.707222 ; -12.995000
dasypus;-38.655556 ; -13.003056
dasypus;-39;-14.1666667
dasypus;-39;-14.11666
dasypus;-39;-14.13
dasypus;-41.33;-12.95
dasypus;-39.07;-14.37
dasypus;-40.5116667;-11.1811111
dasypus;-41.4208;-12.4625
dasypus;-41.52;-12.57
dasypus;-41.383333;-12.566667
dasypus;-38.35;-12.92
dawsonii;-47.558333;-14.091111
dawsonii;-47.509167;-14.091111
dawsonii;-47.521517;-14.133556
decidua;-43.60305556;-18.24111111
declinans;-43.914806;-19.010278
declinans;-43.937778;-19.920833
declinans;-43.914731;-19.010278
declinans;-43.735000;-18.851111
declinans;-43.5366667;-18.1838
declinans;-43.6003;-18.2494
declinans;-43.552778;-18.355
declinans;-43.617778;-17.779444
declinans;-43.583333;-18.033333
declinans;-43.700000;-18.066667
declinans;-43.816667;-18.083333
declinans;-43.7406;-18.4544
declinans;-43.7406;-18.4544
declinans;-43.915;-18.523889
declinans;-43.915;-18.523889
declinans;-43.915;-18.523889
declinans;-43.915;-18.523889
declinans;-43.915;-18.523889
declinans;-43.306256;-19.404614
declinans;-43.306389 ;-19.404722
declinans;-41.35;-12.983333
declinans;-43.6722;-18.6528
declinans;-43.672222;-18.652778
declinans;-43.583333;-18.583333
declinans;-43.583333;-18.583333
declinans;-43.667222;-18.650278
declinans;-43.75895;-19.006194
declinans;-43.737305;-19.048627
declinans;-43.700000 ;-19.066667
declinans;-43.370556;-18.145833
dosypus;-41.283333;-13.4
dracaenoides;-43.6889;-20.4888
dracaenoides;-43.718889;-20.48
dracaenoides;-43.6889;-20.4888
dumitiana;-70.9927777777778;0.0263888888888889
dumitiana;-70.9927777777778;0.0263888888888889
dumitiana;-70.9927777777778;0.0263888888888889
dumitiana;-70.9927777777778;0.0263888888888889
dumitiana;-70.9927777777778;0.0263888888888889
echinata;-44.0875;-20.256111
echinata;-44.093889;-20.260278
echinata;-44.093889;-20.260278
epidendroides;-43.567098;-19.391463
epidendroides;-43.566908;-19.391522
epidendroides;-43.539757;-19.388386
epidendroides;-43.539757;-19.388386
epidendroides;-43.4;-18.87
epidendroides;-43.55;-18.55
epidendroides;-43.55;-18.18
epidendroides;-43.55;-18.18
epidendroides;-43.7;-18.27
epidendroides;-43.62;-18.53
epidendroides;-43.4;-18.9
epidendroides;-43.62;-18.53
epidendroides;-43.38;-18.82
epidendroides;-43.566908;-19.391522
epidendroides;-43.622231;-17.797706
epidendroides;-43.615556;-19.063056
epidendroides;-43.516944;-19.2228
epidendroides;-43.6556;-18.4458
epidendroides;-43.684444;-18.508333
epidendroides;-43.684444;-18.508333
epidendroides;-43.684444;-18.508333
epidendroides;-43.684444;-18.508333
epidendroides;-43.684444;-18.508333
epidendroides;-43.5367;-18.1838
epidendroides;-43.6003;-18.2494
epidendroides;-43.6003;-18.2494
epidendroides;-43.6003;-18.2494
epidendroides;-43.52971;-18.179837
epidendroides;-43.6003;-18.2494
epidendroides;-43.6003;-18.2494
epidendroides;-43.6003;-18.2494
epidendroides;-43.575;-18.195278
epidendroides;-43.762778;-18.291667
epidendroides;-43.684444;-52.3675
epidendroides;-43.754444;-18.292222
epidendroides;-43.762778;-18.284167
epidendroides;-43.839564;-19.819325
epidendroides;-43.2806;-19.421583
epidendroides;-43.583333;-19.166667
epidendroides;-43.58;-19.17
epidendroides;-43.516667;-19.25
epidendroides;-43.5925;-18.5719
epidendroides;-43.761944;-19.008056
epidendroides;-43.763056;-19
epidendroides;-43.758371;-18.962842
epidendroides;-43.74941;-18.942663
epidendroides;-43.758333;-19.005556
epidendroides;-43.7142;-19.1692
epidendroides;-43.7142;-19.1692
epidendroides;-43.7142;-19.1692
epidendroides;-43.7142;-19.1692
epidendroides;-43.593889;-19.282222
epidendroides;-43.717222;-19.033056
epidendroides;-43.709444;-19.049444
epidendroides;-43.704722;-19.025
epidendroides;-43.484444;-19.22
epidendroides;-43.554722;-19.253333
epidendroides;-43.53;-19.2625
epidendroides;-43.554722;-19.253333
epidendroides;-43.788116;-19.048156
epidendroides;-43.738892;-19.048022
epidendroides;-43.737325;-19.048652
epidendroides;-43.587778;-19.289444
epidendroides;-43.551944;-19.261111
epidendroides;-43.550556;-19.261389
epidendroides;-43.560833;-19.456389
epidendroides;-43.371111;-18.143611
epidendroides;-43.371306;-18.201611
epidendroides;-43.369444;-18.011944
epidendroides;-43.488611;-18.471944
epidendroides;-43.841222;-18.788333
epidendroides;-43.490278;-18.470278
epidendroides;-43.368636;-18.390286
epidendroides;-43.75;-18.85
epidendroides;-43.82;-18.27
epidendroides;-43.58;-19.17
epidendroides;-43.7;-19.166667
exilis;-47.65562;-14.1167
exilis;-47.5097;-14.1325
exilis;-47.516667;-14.116667
exilis;-47.516667;-14.116667
exilis;-47.4553;-13.8103
exilis;-47.67387;-13.96332
exilis;-47.455277;-13.810277
exilis;-47.455278;-13.810278
fibrosa;-43.615833;-18.007222
flavicans;-43.7;-18.27
flavicans;-55.77825;-15.432
flavicans;-47.9;-15.666667
flavicans;-47.916667;-15.983333
flavicans;-55;-9
flavicans;-47;-14
flavicans;-47.70192;-14.1167
flavicans;-47.5167;-14.29747
flavicans;-47.5097;-14.1325
flavicans;-47.5952778;-14.04001
flavicans;-47.5167;-13.9376
flavicans;-47.5167;-13.89074
flavicans;-47.516667;-14.116667
flavicans;-47.516667;-14.116667
flavicans;-47.516667;-14.116667
flavicans;-47.516667;-14.116667
flavicans;-47.516667;-14.116667
flavicans;-47.636111;-14.171389
flavicans;-44.99;-12.15
flavicans;-47.8167;-15.66041
flavicans;-47.82;-15.65
flavicans;-47.9294;-15.7797
flavicans;-47.9294;-15.7797
flavicans;-47.78405;-15.79765
flavicans;-47.9294;-15.7797
flavicans;-47.81666667;-15.6333
flavicans;-48.05;-16.03
flavicans;-47.9294;-15.7797
flavicans;-47.75172;-15.62355
flavicans;-47.8167;-15.66041
flavicans;-47.916667;-15.95
flavicans;-47.916667;-15.95
flavicans;-47.804444;-15.78
flavicans;-47.916667;-15.95
flavicans;-47.916667;-15.95
flavicans;-47.916667;-15.95
flavicans;-47.916667;-15.95
flavicans;-47.833333;-15.866667
flavicans;-47.833333;-15.866667
flavicans;-47.833333;-15.866667
flavicans;-47.847778;-15.873889
flavicans;-47.56238;-17.79616
flavicans;-48.95;-15.88
flavicans;-48.95;-15.88
flavicans;-47.6136;-16.7686
flavicans;-47.3344;-15.5372
flavicans;-48.52;-8.92
flavicans;-48.249444;-15.626667
flavicans;-48.25;-9.75
flavicans;-48.216667;-10.283333
flavicans;-47.74;-15.656667
flavicans;-51.8242;-12.9419
flavicans;-47.5247;-14.7056
flavicans;-47.5247;-14.7056
flavicans;-47.5247;-14.7056
flavicans;-48.05;-15.6
fontellana;-43.893792;-21.713792
fontellana;-43.893792;-21.713792
fontellana;-43.893564;-21.713328
fontellana;-43.893792;-21.713792
fontellana;-43.893792;-21.713792
froensii;-40.507222;-11.195833
froesii;-41.87;-13.3
froesii;-41.9;-13.27
froesii;-41.6633;-13.2497
froesii;-41.83;-13.23
froesii;-41.78;-13.37
froesii;-41.85;-13.32
froesii;-41.87;-13.3
froesii;-41.87;-13.28
froesii;-41.85;-13.32
froesii;-41.85;-13.38
froesii;-41.85;-13.33
froesii;-41.866666;-13.3
froesii;-41.783333;-13.366666
froesii;-41.883333;-13.3
froesii;-41.833333;-13.316666
froesii;-41.866666;-13.3
froesii;-41.85;-13.3
froesii;-41.866667;-13.3
froesii;-54;-13.278056
froesii;-41.766667;-13.383333
froesii;-41.866667;-13.283333
froesii;-41.883333;-13.3
froesii;-41.9;-13.266667
froesii;-41.833333;-13.233333
froesii;-41.866667;-13.3
froesii;-41.85;-13.383333
froesii;-41.85;-13.316667
froesii;-41.783333;-13.366667
froesii;-41.883333;-13.3
froesii;-41.866667;-13.3
froesii;-41.866667;-13.3
froesii;-41.883333 ;-13.300000
froesii;-41.26667;-12.95
froesii;-41.26667;-12.95
froesii;-41.307777;-12.866944
froesii;-41.316667;-12.8
froesii;-41.309722;-12.851111
froesii;-41.3166666667;-12.8166666667
froesii;-41.321667;-12.819722
froesii;-41.316667;-12.833333
froesii;-41.278333 ; -12.949722
froesii;-46.041667;-11.621667
froesii;-46.041667;-11.621667
froesii;-41.316667 ; -12.083333
froesii;-42.466667;-14.066667
froesii;-41.766667;-13.283333
froesii;-41.1401;-13.2417
froesii;-41.233611 ; -13.404722
froesii;-40.475556 ; -12.314444
froesii;-41.033333 ; -12.933333
froesii;-41.033333 ; -12.966667
froesii;-40.507222;-11.195833
froesii;-40.507222;-11.195833
froesii;-40;-11
froesii;-40.507222;-11.195833
froesii;-40.507222;-11.195833
froesii;-41.11667;-11.45
froesii;-41.15;-11.55
froesii;-41.371667;-11.499444
froesii;-41.3425;-11.491111
froesii;-41.165556;-11.579167
froesii;-41.207778;-11.825278
froesii;-41.133333;-11.55
froesii;-41.1228;-11.4931
froesii;-41.207778 ; -11.825278
froesii;-41.000605;-11.372703
froesii;-41.001667 ; -11.624167
froesii;-41.07;-11.27
froesii;-41.116667 ; -11.450000
froesii;-41.3706;-13.0056
froesii;-41.3706;-13.0056
froesii;-41.3706;-13.0056
froesii;-41.339444;-12.988333
froesii;-41.341389;-12.991667
froesii;-41.377778;-13.076667
froesii;-41.333333;-12.933333
froesii;-41.2;-12.56
froesii;-41.2;-12.58
froesii;-41.224;-13.0436
froesii;-41.367778 ; -13.076667
froesii;-41.192;-12.5658
froesii;-41.317222 ; -12.949444
froesii;-41.1642;-12.5659
froesii;-41.4681;-12.4547
froesii;-41.75;-13.15
froesii;-41.7728;-13.1519
froesii;-41.9;-13.07
froesii;-41.833333;-13.216667
froesii;-41.883333;-13.15
froesii;-41.19;-12.5
froesii;-40.2832;-12.1852
froesii;-41.31666;-12.83333
froesii;-41.8286111;-13.5977777
froesii;-41.33;-12.95
froesii;-41.35;-12.98
fruticosa;-43.583333;-18.583333
fruticosa;-43.339444;-18.136667
fruticosa;-43.339444;-18.136667
fruticosa;-43.390833;-18.004167
fruticosa;-43.58;-18.58
furcata;-41.97;-13.53
furcata;-41.916667;-13.533333
furcata;-41.88;-13.33
furcata;-41.9;-13.3
furcata;-41.9;-13.28
furcata;-41.77;-13.38
furcata;-41.87;-13.3
furcata;-41.78;-13.27
furcata;-41.9;-13.3
furcata;-41.9;-13.25
furcata;-41.87;-13.28
furcata;-41.92;-13.25
furcata;-41.9;-13.25
furcata;-41.83;-13.37
furcata;-41.95;-13.18
furcata;-41.88;-13.27
furcata;-41.91667;-13.25
furcata;-41.866667;-13.283333
furcata;-41.75;-13.216667
furcata;-41.95;-13.183333
furcata;-41.75;-13.216667
furcata;-41.866667;-13.283333
furcata;-41.783333;-13.278056
furcata;-41.9;-13.25
furcata;-41.9;-13.3
furcata;-41.783333;-13.266667
furcata;-41.833333;-13.033333
furcata;-41.083333 ; -13.033333
furcata;-41.866667 ; -13.283333
furcata;-41.883333 ; -13.300000
furcata;-42;-13.52
furcata;-41.98;-13.5
furcata;-42;-13.52
furcata;-42;-13.52
furcata;-42;-13.516667
furcata;-41.983333;-13.5
furcata;-42;-13.516667
furcata;-42;-13.516667
furcata;-41.983333;-13.5
furcata;-42;-13.516667
furcata;-42;-13.516667
furcata;-42;-13.516667
furcata;-42;-13.516667
furcata;-41.983333;-13.5
furcata;-42.700000 ; -13.516667
furcata;-42.000000 ; -13.516667
furcata;-42.000000 ; -13.516667
furcata;-41.983333 ; -13.050000
furcata;-44.829306;-14.400103
furcata;-41.510833;-12.62
furcata;-42.633333;-13.456111
furcata;-41.72;-13.27
furcata;-41.716667;-13.266667
furcata;-41.950278 ; -13.516389
furcata;-41.828611 ; -13.597778
furcata;-41.933333 ; -13.533333
furcata;-41.950000 ; -13.533333
furcata;-41.900000 ; -13.533333
furcata;-41.900000 ; -13.533333
furcata;-41.900000 ; -13.533333
furcata;-41.850000 ; -13.466667
furcata;-41.966667 ; -13.533333
furcata;-41.900000 ; -13.533333
furcata;-41.934722;-13
furcata;-41.86806;-13.39444
furcata;-41.86806;-13.39444
furcata;-41.9;-13.53
furcata;-41.93;-13.53
furcata;-41.9;-13.53
furcata;-41.9;-13.53
furcata;-41.8114;-13.5792
furcata;-41.92;-13.53
furcata;-41.8313497;-13.600425
furcata;-41.95;-13.53
furcata;-41.9347;-13
furcata;-41.8458;-13.5539
furcata;-41.78;-13.4
furcata;-41.9;-13.533333
furcata;-41.828611;-13.597778
furcata;-41.9;-13.533333
furcata;-41.95;-13.533333
furcata;-41.783333;-13.4
furcata;-41.818617;-13.599722
furcata;-41.937778;-13.52
furcata;-41.934722;-13
furcata;-41.966667;-13.533333
furcata;-41.95;-13.533333
furcata;-41.9;-13.533333
furcata;-41.933333;-13.533333
furcata;-41.9;-13.533333
furcata;-41.815833;-13.606667
furcata;-41.937222;-13.520833
furcata;-41.916667;-13.533333
furcata;-41.916667;-13.533333
furcata;-41.95;-13.533333
furcata;-41.933333;-13.533333
furcata;-41.9;-13.533333
furcata;-41.9;-13.533333
furcata;-41.9;-13.533333
furcata;-40.475556;-12.314444
furcata;-40.484167;-12.309722
furcata;-40.484167;-12.309722
furcata;-41.96666;-13.53333
furcata;-41.95;-13.53333
furcata;-42;-13.51666
furcata;-41.9;-13.53333
furcata;-41.98333;-13.5
furcata;-41.9;-13.25
furcata;-41.95;-13.18333
furcata;-42;-13.51666
furcata;-41.9;-13.53333
furcata;-41.916667;-13.25
furcata;-39.205556;-14.178056
furcata;-41.8536111;-13.4083333
geotegens;-43.550000;-18.033333
geotegens;-43.6556;-18.4458
geotegens;-43.6556;-18.4458
geotegens;-43.684444;-18.508333
geotegens;-43.684444;-18.508333
geotegens;-43.658889;-18.438056
geotegens;-43.653889;-18.462500
geotegens;-43.654111 ;-18.462500
geotegens;-43.657192;-18.441939
geotegens;-43.658889 ;-18.438056
geotegens;-43.652842;-18.463461
geotegens;-43.661475;-18.509747
geotegens;-43.6003;-18.2494
geotegens;-43.552778;-18.355
geotegens;-43.550000;-18.333333
geotegens;-43.513889;-18.403611
geotegens;-43.648558;-18.246681
geotegens;-43.488842;-18.576950
geotegens;-43.551389;-19.271389
geotegens;-43.551389 ;-19.271389
geotegens;-43.501389;-18.403611
gigantea;-41.575417;-19.31125
gigantea;-41.575417;-19.311250
gigantea;-43.477778 ;-19.491667
gigantea;-43.473056;-19.476389
gigantea;-43.503889;-19.494722
gigantea;-43.396667;-19.441111
gigantea;-43.477778 ;-19.491667
gigantea;-43.481639;-19.358833
gigantea;-43.481639;-19.358833
gigantea;-43.489444 ;-19.380278
gigantea;-43.450000;-19.433333
gigantea;-43.481639;-19.358833
gigantea;-43.522078;-19.259342
gigantea;-43.510278;-19.247222
gigantea;-43.492778;-19.273889
gigantea;-43.502500;-19.277222
gigantea;-43.480000 ;-19.301944
gigantea;-43.510472;-19.247222
gigantea;-43.509722;-19.2475
gigantea;-43.522181 ;-19.259206
gigantea;-43.510472;-19.247222
giulietiiae;-43.913656;-18.316322
giulietiiae;-43.712133;-18.269675
giulietiiae;-43.914692;-18.316567
giulietiiae;-43.746336;-18.294036
giulietiiae;-43.880511;-18.596614
giulietiiae;-43.896411;-18.589069
giulietiiae;-43.880167;-18.596667
giulietiiae;-43.873361;-18.598278
giulietiiae;-43.488925;-18.575336
glabra;-43.7215;-18.4293
glabra;-43.4;-18.87
glabra;-43.554488;-19.288549
glabra;-43.666667;-19.816667
glabra;-43.480833;-18.808611
glabra;-43.433611;-18.893889
glabra;-43.737222;-18.870000
glabra;-43.333056 ;-18.293889
glabra;-43.6003;-18.2494
glabra;-43.6003;-18.2494
glabra;-43.6003;-18.2494
glabra;-43.550000;-18.300000
glabra;-43.748611;-18.255278
glabra;-43.486631 ;-19.360233
glabra;-43.432222;-20.197222
glabra;-43.432222;-20.197222
glabra;-43.432222 ;-20.197222
glabra;-43.510833;-19.248889
glabra;-43.499722 ;-19.220278
glabra;-43.790177;-18.920175
glabra;-43.760603;-19.000502
glabra;-43.708056;-19.046389
glabra;-43.666667;-18.3
glabra;-43.550833;-18.553889
glabra;-43.55;-18.3
glabra;-43.95;-19.67
glandulifera;-43.6836;-18.358
glandulifera;-43.6003;-18.2494
glandulifera;-43.6003;-18.2494
glandulifera;-43.6003;-18.2494
glandulifera;-43.7406;-18.4544
glandulifera;-43.516667;-19.25
glauca;-47.5333;-14.79038
glauca;-47.5333;-14.88076
glauca;-41.88;-13.27
glauca;-41.883333;-13.266667
glauca;-41.85;-13.316667
glauca;-47.5097;-14.1325
glauca;-47;-14
glauca;-47.5167;-13.93593
glauca;-47.516667;-14.116667
glauca;-47.516667;-14.116667
glauca;-47.516667;-14.116667
glauca;-47.825358;-14.167211
glauca;-47.825358;-14.167211
glauca;-47.598611;-14.182778
glauca;-47.498889;-13.966944
glauca;-51.77;-17.32
glauca;-51.77;-17.32
glauca;-50.397222;-6.371667
glauca;-50.349444;-6.397222
glauca;-46.258889;-20.645
glauca;-46.258889 ;-20.645000
glauca;-48;-13.38111
glauca;-48.8086;-15.78805
glauca;-48.881111;-15.779722
glauca;-48.8086;-15.9236
glauca;-47.6133;-16.7686
glauca;-43.590278;-18.201944
glauca;-42.733333;-11.083333
glauca;-42.733333;-11.083333
glauca;-42.733333;-11.083333
glauca;-50.03;-15.95
glauca;-50.033333;-15.95
glauca;-42.891056;-16.546694
glauca;-42.900833;-16.566667
glauca;-42.910000 ;-16.580000
glauca;-42.910000;-16.596667
glauca;-48.52;-8.93
glauca;-51.77;-17.3
glauca;-42.8664;-15.3972
glauca;-48.417778;-9.63
glauca;-47.700000;-11.680000
glauca;-47.701667;-11.693889
glauca;-48.38;-14.3
glauca;-48.38;-14.3
glauca;-48.96667;-14.56667
glauca;-48.65222;-14.23528
glauca;-49.909722;-6.315
glauca;-50.148889;-6.173889
glauca;-50.186944;-6.110278
glauca;-47.277222;-20.157778
glauca;-47.273056;-20.164444
glauca;-47.273056;-20.164444
glauca;-48.846111;-15.806666
glauca;-48.9592;-15.8525
glauca;-48.939444;-15.72
glauca;-46.37;-14.13
glauca;-47.433333;-19.85
glauca;-48.27417;-16.09417
glauca;-47.32;-13.87
glauca;-47.2647;-13.7764
glauca;-41.7833333;-13.55
glauca;-50.03333;-15.95
glauca;-47.5;-14.5
glauca;-48.38333;-14.3
glauca;-48.38333;-14.3
glauca;-47.258012;-13.779535
glauca;-41.78;-13.55
glauca;-51.78;-17.2
glauca;-47.5;-14.5
glauca;-47.92;-15.98
glauca;-47.5;-14.5
glauca;-50.03;-15.95
glauca;-42.91;-16.5967
glauca;-42.91;-16.596667
glochidea;-50.433333;-5.916667
glochidea;-50.433333;-5.916667
glochidea;-41.866667;-13.3
glochidea;-47.516667;-14.116667
glochidea;-51.768611;-17.076944
glochidea;-50.351667;-6.408611
glochidea;-50.347778;-6.398056
glochidea;-50.349444;-6.397222
glochidea;-48.7756;-15.7944
glochidea;-48.06667;-14.13333
glochidea;-48.077778;-14.077778
glochidea;-48.066667;-14.133333
glochidea;-50.17;-8.05
glochidea;-50.166667;-8.05
glochidea;-48.8086;-15.9236
glochidea;-50.1403;-15.9344
glochidea;-49.1178;-5.3686
glochidea;-48.28333;-13.81667
glochidea;-48.283333;-13.816667
glochidea;-48.4594;-14.4742
glochidea;-47.5;-16.6666667
glochidea;-50.18;-16.07
goianiensis;-46.589722;-11.039722
goiasensis;-47.516667;-14.116667
goiasensis;-48.10278;-13.61861
goiasensis;-46.589861;-11.03975
goiasensis;-46.506361;-10.575278
goiasensis;-46.456944;-10.45
goiasensis;-47.32;-13.87
goiasensis;-47.2647;-13.7764
goiasensis;-47.2936;-13.8542
gracilis;-42.478219;-20.753455
gracilis;-42.876389;-22.153333
graminea;-43.433611;-19.885556
graminea;-43.970386;-20.119969
graminea;-43.972747;-20.136319
graminea;-44.216667;-20.133333
graminea;-44.216667;-20.133333
graminea;-44.216667;-20.133333
graminea;-43.672222;-20.015
graminea;-43.681328;-20.237114
graminea;-43.415556;-20.159167
graminea;-43.431667;-18.907222
graminea;-43.905833;-20.445833
graminea;-43.905833;-20.445833
graminea;-43.905833;-20.445833
graminea;-44.429167;-20.400833
graminea;-43.902778;-20.28
graminea;-43.965278;-20.2475
graminea;-43.432222;-20.197222
graminea;-43.432222;-20.197222
graminea;-43.414444;-20.3525
graminea;-43.436667;-20.153611
graminea;-43.432222;-20.197222
graminea;-44.059258;-20.118519
graminea;-44.003086;-20.079783
graminea;-44.00675;-20.058333
graminea;-43.983611;-20.093056
graminea;-43.6917;-20.5208
graminea;-43.990194;-20.798861
graminea;-43.716667;-20.483333
graminea;-43.619028;-20.486000
graminea;-43.697500;-20.487778
graminea;-43.627778;-20.506667
graminea;-43.508056;-20.2875
graminea;-43.969908;-20.374461
graminea;-43.887564;-20.736958
graminea;-43.520028;-20.439361
graminea;-43.592222;-20.477500
graminea;-43.523056;-20.462500
graminea;-44.141975;-20.160572
graminea;-43.4153;-19.9594
graminea;-44.15355;-20.101853
graminea;-43.6325;-20.095
graminea;-43.685833;-20.087222
graminea;-43.357778;-19.8225
grao-mogolensis;-42.910000 ;-16.896667
grao-mogolensis;-42.916667 ;-16.600000
grao-mogolensis;-42.933333;-16.616667
grao-mogolensis;-42.918922;-16.591711
grao-mogolensis;-42.997567;-16.568767
grao-mogolensis;-42.912900 ;-16.594653
grao-mogolensis;-42.914542;-16.594306
grao-mogolensis;-42.933333;-16.616667
grao-mogolensis;-42.901583;-16.592883
grao-mogolensis;-42.910000;-16.596667
grao-mogulensis;-43.2183;-16.40345
grao-mogulensis;-42.8894;-16.5594
grao-mogulensis;-42.93;-16.62
grao-mogulensis;-42.8894;-16.5594
grao-mogulensis;-42.916667;-16.6
grao-mogolensis;-44;-18
grao-mogulensis;-42.93;-16.62
grao-mogulensis;-43.3;-16.6
grao-mogulensis;-43.3;-16.6
grao-mogulensis;-43.3;-16.6
graomogolensis;-42.568055;-16.594166
graomogulensis;-42.93333;-16.61666
harleyi;-41.35;-13.02
harleyi;-41.4;-13.02
harleyi;-41.35;-13.027778
harleyi;-41.35;-13.016667
harleyi;-41.3;-13.583333
harleyi;-41.266667;-13.7
harleyi;-40.3;-12.516667
harleyi;-41.1975;-13.193889
harleyi;-41.3706;-13.0056
harleyi;-41.62;-13.024167
harleyi;-41.415556;-13.052778
harleyi;-41.415556;-13.008611
harleyi;-41.341389;-12.993333
harleyi;-41.35;-13.016667
harleyi;-41.35;-13.016667
harleyi;-41.4;-13.016667
harleyi;-41.4;-13.016667
harleyi;-41.35;-13.01666
harleyi;-41.35;-13.016667
harleyi;-41.369808;-12.996334
harleyi;-41.35;-13.02
harleyi;-41.35;-13.02
hatschbachii;-43.4708;-18.0717
hatschbachii;-46.812778;-20.335
hatschbachii;-46.767222;-20.3425
hatschbachii;-46.653611;-20.434444
hatschbachii;-46.653333;-20.434444
hatschbachii;-43.6003;-18.2494
hatschbachii;-43.557500 ;-18.042500
hatschbachii;-43.504028;-18.143944
hatschbachii;-43.557494 ;-18.039856
hatschbachii;-43.557500;-18.042500
hatschbachii;-43.513664 ;-18.118431
hatschbachii;-43.503889 ;-18.143889
hatschbachii;-43.513664;-18.118431
hatschbachii;-43.3014;-18.0838
hatschbachii;-43.344722 ;-18.089722
hatschbachii;-43.344722 ;-18.089722
hemisphaerica;-40.5;-11.25
hemisphaerica;-41.7875;-13.281667
hemisphaerica;-41.900000 ; -13.250000
hemisphaerica;-41.787500 ; -13.281667
hemisphaerica;-41.385000 ; -13.584167
hemisphaerica;-42.2;-13.983333
hemisphaerica;-41.266667;-13.216667
hemisphaerica;-41.216667 ; -13.383333
hemisphaerica;-40.510278;-11.171111
hemisphaerica;-40.508056;-11.189444
hemisphaerica;-40;-11
hemisphaerica;-40.508889 ; -11.171111
hemisphaerica;-40.510278 ; -11.171111
hemisphaerica;-40.508056 ; -11.189444
hemisphaerica;-41.033333 ; -12.033333
hemisphaerica;-41.333333;-12.333333
hemisphaerica;-41.559167;-13.6425
hemisphaerica;-41.277778;-12.951389
hemisphaerica;-41.333333;-12.983333
hemisphaerica;-41.4777777778;-12.4602777778
hemisphaerica;-41.466667;-12.45
hemisphaerica;-41.471964;-12.459147
hemisphaerica;-41.466667;-12.45
hemisphaerica;-41.633333;-12.45
hemisphaerica;-41.470833;-12.455556
hemisphaerica;-41.467778 ; -12.456944
hemisphaerica;-41.470833 ; -12.450556
hemisphaerica;-41.9039;-13.0344
hemisphaerica;-41.83;-13.13
hemisphaerica;-41.891389;-13.048333
hemisphaerica;-41.833333;-13.133333
hemisphaerica;-41.903889;-13.034444
hemisphaerica;-41.765000 ; -13.151111
hemisphaerica;-41.903889 ; -13.034444
hemisphaerica;-41.891389 ; -13.048333
hemisphaerica;-41.083333 ; -13.133333
hemisphaerica;-40.448611;-10.900556
hemisphaerica;-40.5116667;-11.1811111
;-57.531611;-18.021639
hipoxoides;-48.8086;-15.9236
hipoxoides;-48.8086;-15.9236
hirsuta;-42.06225;-15.44506
hirsuta;-43.12;-16.67
hirsuta;-42.8944;-16.56475
hirsuta;-43.0106;-16.8722
hirsuta;-43.0106;-16.8722
hirsuta;-43.059444;-16.765
hirsuta;-42.991389;-16.902222
hirsuta;-42.991306;-16.902139
hirsuta;-42.526111;-14.266667
hirsuta;-42.53139;-14.27917
hirsuta;-42.5242;-14.2603
hirsuta;-41.524167;-14.260278
hirsuta;-42.466667;-14.066667
hirsuta;-42.466667;-14.066667
hirsuta;-42.538333;-14.350833
hirsuta;-42.538333;-14.350556
hirsuta;-42.524167;-14.260278
hirsuta;-42.531389;-14.279167
hirsuta;-42.516667;-14.25
hirsuta;-42.537222;-14.358889
hirsuta;-41.968889;-15.135
hirsuta;-43.6556;-18.4458
hirsuta;-43.6003;-18.2494
hirsuta;-48.621111;-18.186667
hirsuta;-44.274058;-17.363231
hirsuta;-44.274058;-17.363231
hirsuta;-43.7406;-18.4544
hirsuta;-43.7406;-18.4544
hirsuta;-42.8894;-16.5594
hirsuta;-42.8894;-16.5594
hirsuta;-42.8894;-16.5594
hirsuta;-42.8894;-16.5594
hirsuta;-42.8894;-16.5594
hirsuta;-42.8894;-16.5594
hirsuta;-42.8894;-16.5594
hirsuta;-42.879722;-16.550833
hirsuta;-42.568055;-16.594166
hirsuta;-42.8943;-16.5648
hirsuta;-42.8943;-16.5648
hirsuta;-42.889167;-16.654722
hirsuta;-43.3089;-17.0647
hirsuta;-43.3089;-17.0647
hirsuta;-43.309722;-17.080556
hirsuta;-42.515833;-14.897778
hirsuta;-42.515833;-14.897778
hirsuta;-44.296389;-17.703333
hirsuta;-43.53744;-16.96369
hirsuta;-42.698889;-13.02
hirsuta;-42.77539;-15.38703
hirsuta;-42.8664;-15.3972
hirsuta;-42.8664;-15.3972
hirsuta;-41.216667;-11.583333
hirsuta;-41.216667;-11.583333
hirsuta;-43.59189;-18.57269
hirsuta;-42.711944;-16.031667
hirsuta;-42.702778;-16.010611
hirsuta;-43.0594;-18.1422
hirsuta;-43.784586;-18.965774
hirsuta;-43.751673;-18.925948
hirsuta;-41.21666;-11.58333
hirsuta;-42.5241667;-14.2602778
hirsuta;-42.695533;-13.019773
hirsuta;-43.3;-16.6
hirsuta;-42.950556;-16.613056
hirsuta;-43.3;-16.6
hirsuta;-43.345;-17.000444
hirsuta;-43.340722;-17.015889
hypoxoides;-48.80861;-15.7880556
hypoxoides;-48.7633333;-15.85
incurvata;-43.55;-18.55
incurvata;-43.7833;-18.0833
incurvata;-43.95;-19.58
inselbergae;-41.196944;-17.86125
intermedia;-44.25;-17.88
intermedia;-44.25;-17.88
intermedia;-44.239722;-17.924722
intermedia;-44.250000;-17.883333
intermedia;-48.824722;-15.8325
intermedia;-46.713333;-20.366388
intermedia;-46.713333;-20.366389
intermedia;-43.6003;-18.2494
intermedia;-43.750000;-18.283333
intermedia;-43.738333;-18.295000
intermedia;-43.511806;-18.254667
intermedia;-42.8894;-16.5594
intermedia;-44.687;-21.353139
intermedia;-44.655278;-21.306861
intermedia;-44.771611;-21.421083
intermedia;-43.58;-19.17
intermedia;-43.583333;-19.166667
intermedia;-43.886967;-21.703081
intermedia;-43.894172;-21.708908
intermedia;-43.887444;-21.703694
intermedia;-43.887444;-21.703694
intermedia;-43.899417;-21.700583
intermedia;-44.01;-20.334722
intermedia;-44.010278;-20.334722
intermedia;-41.888889;-13.381944
intermedia;-47.4397;-19.8656
intermedia;-43.371306;-18.216111
intermedia;-43.343333;-18.122333
intermedia;-43.371306 ;-18.201611
intermedia;-43.343333 ;-18.122333
intermedia;-44.166397;-21.084742
intermedia;-46.856036;-20.812208
intermedia;-43.58;-19.17
intermedia;-43.8994;-21.7006
iolvi;-41.320833;-12.958333
jiboia;-39.5231;-12.7719
jiboia;-39.533333;-12.75
jiboia;-39.475833;-12.853611
jiboia;-39.479722;-12.868056
jolyi;-41.45;-13.58
jolyi;-41.48;-12.6
jolyi;-41.33;-12.8
jolyi;-41.26667;-12.95
jolyi;-41.316667;-12.8
jolyi;-41.341111;-12.804167
jolyi;-41.344167;-12.8025
jolyi;-41.326667;-12.807222
jolyi;-41.310278;-12.854167
jolyi;-41.483333;-12.616667
jolyi;-41.333333;-12.7
jolyi;-41.4781;-12.6019
jolyi;-41.478056 ; -12.601944
jolyi;-41.333333;-12.7
jolyi;-41.3728;-13.0131
jolyi;-41.3706;-13.0056
jolyi;-41.3706;-13.0056
jolyi;-41.3706;-13.0056
jolyi;-41.35;-12.98
jolyi;-41.3706;-13.0056
jolyi;-41.2666666667;-12.95
jolyi;-41.3707777778;-13.0013888889
jolyi;-41.366667;-13
jolyi;-41.316667;-12.95
jolyi;-41.340833;-12.988333
jolyi;-41.340833;-12.988333
jolyi;-41.374722;-13.006667
jolyi;-41.35;-12.983333
jolyi;-41.35;-12.983333
jolyi;-41.566667;-13.233333
jolyi;-41.5;-12.95
jolyi;-41.339444;-12.988333
jolyi;-41.339444;-12.988333
jolyi;-41.278333;-12.949722
jolyi;-41.3725;-13.013056
jolyi;-41.277778;-12.951389
jolyi;-41.372778;-13.013056
jolyi;-41.4075;-12.95
jolyi;-41.320556;-12.957222
jolyi;-41.5;-12.85
jolyi;-41.383333;-12
jolyi;-41.378333;-13.094167
jolyi;-41.348056;-13.130556
jolyi;-41.377778;-13.076667
jolyi;-41.333333;-12.983333
jolyi;-41.45;-12.8
jolyi;-41.376111;-13.0825
jolyi;-41.340833;-12.988333
jolyi;-41.333333;-12.95
jolyi;-41.35;-12.983333
jolyi;-41.320556;-12.957222
jolyi;-41.316667;-12.3
jolyi;-41.407500 ; -12.950000
jolyi;-41.320556 ; -12.957222
jolyi;-41.350000 ; -12.983333
jolyi;-41.351944 ; -12.982778
jolyi;-41.350000 ; -12.983333
jolyi;-41.348056 ; -13.118056
jolyi;-41.320833 ; -12.950833
jolyi;-41.367778 ; -13.076667
jolyi;-41.407500 ; -12.950000
jolyi;-41.340833 ; -12.988333
jolyi;-41.340833 ; -12.988333
jolyi;-41.278333 ; -12.949722
jolyi;-41.372778 ; -13.013056
jolyi;-41.481111;-12.606667
jolyi;-41.450000 ; -13.583333
jolyi;-41.483333 ; -12.600000
jolyi;-41.35;-12.98333
jolyi;-41.3833333;-13
jolyi;-41.35;-12.98
jolyi;-41.3411;-12.8042
jolyi;-41.372778;-13.013056
jolyi;-41.35;-12.98
jolyi;-41.33;-12.95
kolbekii;-44.50625;-21.247589
kolbekii;-44.502575;-21.223847
kolbekii;-44.499297;-21.230303
kolbekii;-44.467031;-21.224994
kolbekii;-44.329178;-21.175844
kolbekii;-44.166667;-21.083333
lanata;-50.0003333;-14.0001667
lanata;-48.616667;-17.745556
leptopetala;-43.38;-18.82
leptopetala;-43.4;-18.87
leptopetala;-43.38;-18.82
leptopetala;-43.6719;-18.348
leptopetala;-43.6897;-18.325
leptopetala;-43.5367;-18.1838
leptopetala;-43.6007;-18.24015
leptopetala;-43.510556;-19.246944
leptopetala;-43.544722;-19.249444
leptopetala;-43.625;-19.341667
leptopetala;-43.544722;-19.249444
leptopetala;-43.616667;-19.333333
leptopetala;-43.4880555;-18.4733334
lilacina;-43.433333;-18.905
lilacina;-43.433333;-18.905
lilacina;-43.520555;-19.246666
lithophila;-70.3102777777778;1.30638888888889
lithophila;-72.6458333333333;2.57694444444444
luteola;-43.0106;-16.8722
luteola;-42.8894;-16.5594
luteola;-42.900833 ; -16.566667
luteola;-42.900000 ; -16.550000
luteola;-42.899189;-16.579136
luteola;-42.896261;-16.556864
luteola;-42.900000 ;-16.566667
luteola;-42.894767;-16.572986
luteola;-42.911194;-16.592667
luteola;-42.906481;-16.553308
luteola;-43.3089;-17.0647
luteola;-43.3089;-17.0647
luteola;-42.9;-16.55
macarenensis;-73.9166666666667;2.75
macedonis;-43.4927778;-20.1263
macedonis;-43.5081;-20.2878
macedonis;-43.5081;-20.2878
macedonis;-43.5081;-20.2878
marcescens;-42.8943;-16.5648
marcescens;-43.0106;-16.8722
marcescens;-42.991389;-16.899444
marcescens;-43.033333; -17.066667
marcescens;-42.927778;-16.724722
marcescens;-42.917778;-16.724722
marcescens;-42.8894;-16.5594
marcescens;-42.963333; -16.595000
marcescens;-42.966667;-16.583333
marcescens;-42.950000; -16.583333
marcescens;-42.916667;-16.533333
marcescens;-42.900000;-16.551111
marcescens;-42.966667;-16.600000
marcescens;-43.33;-17.07
marcescens;-43.333333;-17.066667
marcescens;-44.261389;-17.748056
marcescens;-43.3;-16.6
marcescens;-42.963333;-16.595
marscescens;-42.938333;-16.606944
maxillarioides;-42.8944;-16.56475
maxillarioides;-43.083333 ;-17.000000
maxillarioides;-42.8894;-16.5594
maxillarioides;-42.908333 ;-16.566667
maxillarioides;-42.900833 ;-16.566667
maxillarioides;-42.883333 ;-16.550000
maxillarioides;-42.890000 ;-16.581667
maxillarioides;-43.3089;-17.0647
maxillarioides;-43.3;-17.07
maxillarioides;-43.833333;-17
maxillarioides;-43.300000 ; -17.066667
maxillarioides;-43.334444 ;-16.985000
maxillarioides;-43.340556 ;-17.015833
maxillarioides;-43.3;-16.6
maxillarioides;-43.3;-16.6
maxillarioides;-43.345;-17.000444
maxillarioides;-43.340722;-17.015889
metzgerae;-43.816667;-18.083333
metzgerae;-43.816667;-18.833333
metzgerae;-43.723889;-18.283333
metzgerae;-43.653611;-18.248333
metzgerae;-43.664017;-18.254956
metzgerae;-43.653611;-18.248333
metzgerae;-43.686272;-18.268333
metzgerae;-43.911911;-20.108633
metzgerae;-43.74844;-18.918667
metzgerae;-43.755227;-18.967377
metzgerae;-43.717222;-19.033056
metzgerae;-43.72;-19.025833
metzgerae;-43.559233;-19.290956
metzgerae;-43.580378;-19.285128
metzgerae;-43.550881;-19.275556
metzgerae;-43.545911;-19.265256
metzgerae;-43.335278;-18.213861
metzgerae;-43.460556;-18.476944
metzgerae;-43.488611;-18.471944
metzgerae;-43.368636;-18.390286
metzgerae;-43.474456;-18.432803
metzgerae;-43.487831;-18.468147
metzgerae;-43.552164;-19.279858
metzgerae;-43.555272;-19.287981
metzgerae;-43.3125;-18.232222
minima;-43.7;-18.27
minima;-43.7;-18.38
minima;-43.666667;-18.25
minima;-43.79425;-18.926778
minima;-43.461944;-20.105555
minima;-43.621944;-19.048611
minima;-43.477778;-18.924444
minima;-43.477778;-18.924444
minima;-43.430167;-18.913056
minima;-43.477778;-18.924444
minima;-43.434215;-18.892078
minima;-43.477778;-18.924444
minima;-43.431667;-18.907222
minima;-43.431667;-18.907222
minima;-43.431667;-18.907222
minima;-43.391111;-19.016389
minima;-43.391111;-19.016389
minima;-43.477778;-18.924444
minima;-43.6003;-18.2494
minima;-43.6003;-18.2494
minima;-43.72;-18.15
minima;-43.7833;-18.0833
minima;-43.6003;-18.2494
minima;-43.6003;-18.2494
minima;-43.705;-18.1822
minima;43.8833333;-18.3
minima;-43.623056;-18.188611
minima;-43.6;-18.233333
minima;-43.615833;-18.007222
minima;-48.621111;-18.186667
minima;-43.515833;-18.258056
minima;-43.915;-18.523889
minima;-43.915;-18.523889
minima;-43.915;-18.523889
minima;-43.915;-18.523889
minima;-43.915;-18.523889
minima;-43.915;-18.523889
minima;-43.305;-19.400556
minima;-43.7447;-19.5136
minima;-43.0092;-18.2936
minima;-43.0092;-18.2936
minima;-43.138056;-18.115278
minima;-43.763056;-19
minima;-43.789956;-18.924056
minima;-43.76023;-18.939348
minima;-43.5069;-19.2319
minima;-43.710278;-19.040278
minima;-43.3792;-18.6047
minima;-43.475011;-18.432797
minima;-43.6230506897;-18.1886081696
modesta;-43.6003;-18.2494
modesta;-43.7406;-18.4544
modesta;-42.8894;-16.5594
nanuzae;-40.7664;-17.7033
nanuzae;-43.806967;-19.791219
nanuzae;-43.806967;-19.791219
nanuzae;-43.806967;-19.791219
nanuzae;-43.414467;-19.419589
nanuzae;-43.5505;-19.258972
nanuzae;-43.550278;-19.258889
nanuzae;-43.758762;-19.00585
nanuzae;-43.805217;-18.911882
nanuzae;-43.728611;-19.0425
nanuzae;-43.594567;-19.289311
nanuzae;-43.538953;-19.254433
nanuzae;-43.505714;-19.209597
nanuzae;-43.550531;-19.257425
nanuzae;-43.603467;-19.315319
nanuzae;-43.550544;-19.256483
nanuzae;-43.605781;-19.264031
nanuzae;-43.579008;-19.288061
nivea;-43.582022;-19.279147
nivea;-43.625219;-18.190094
nivea;-43.666667;-18.25
nivea;-43.066667;-18.250000
nivea;-43.613494;-18.150617
nivea;-43.550275;-18.273453
nivea;-43.626664;-18.191317
nivea;-43.734936;-18.367086
nivea;-43.880447;-18.581381
nivea;-43.591667;-19.28
nivea;-43.591667;-19.28
nivea;-43.516667;-19.25
nivea;-43.516667 ;-19.250000
nivea;-43.388636;-19.219678
nivea;-43.046164;-18.131428
nivea;-43.784586;-18.965774
nivea;-43.554778;-19.336944
nivea;-43.551408;-19.283053
nivea;-43.511564;-19.163814
nivea;-43.595572;-19.289014
nivea;-43.603047 ;-19.301064
nivea;-43.569997;-19.291936
nivea;-43.605556;-19.264194
nivea;-43.601642;-19.292517
nivea;-46.523306;-20.299972
nivea;-43.066667;-18.250000
nivea;-43.993383;-19.471028
nivea;-43.993383;-19.471028
nuda;-43.7533;-18.0359
nuda;-43.915;-18.523889
nuda;-43.915;-18.523889
nuda;-43.915;-18.523889
nuda;-43.915;-18.523889
nuda;-43.915;-18.523889
nuda;-44.3;-17.7
nuda;-43.4975;-18.562722
nuda;-41.006667;-20.671389
obtecta;-46.883333;-18.733333
obtecta;-46.8833333333;-18.7333333333
obtecta;-47.2730556;-20.1644444
obtecta;-47.273056;-20.164444
obtecta;-47.273056;-20.164722
obtecta;-47.273056;-20.164722
obtecta;-47.273056;-20.164444
obtecta;-47.2730555556;-20.1644444444
obtecta;-47.433333;-19.85
obtecta;-46.907689;-20.144339
obtecta;-46.912506;-20.142056
obtecta;-46.416175;-20.254317
obtecta;-46.915139 ;-20.129944
obtecta;-47.273056;-20.164444
ornata;-43.5308;-17.5539
ornata;-43.4708;-18.0717
ornata;-43.4708;-18.0717
ornata;-43.484689;-18.103919
ornata;-43.6003;-18.2494
ornata;-43.6003;-18.2494
ornata;-43.6003;-18.2494
ornata;-43.590278;-18.201944
ornata;-43.590278;-18.201944
ornata;-43.590278;-18.201944
ornata;-43.590278;-18.201944
ornata;-43.531508;-18.275928
ornata;-43.532644;-18.110703
ornata;-43.525756;-18.181756
ornata;-43.596594;-18.166383
ornata;-43.6280555556;-18.1408333333
ornata;-43.3741;-18.0827
patens;-43.4;-18.87
patens;-43.445019;-19.073047
patens;-43.548292;-19.075831
patens;-43.529489;-19.259567
patens;-43.549103;-19.076189
patens;-43.7833;-18.0833
patens;-43.518889;-19.247222
patens;-43.743561;-18.922936
patens;-43.704722;-19.025
patens;-43.550833;-19
patens;-43.506944;-19.231944
patens;-43.550833 ;-19.257222
patens;-43.551856;-19.282486
patens;-43.506944;-19.231944
patens;-43.511694;-19.164175
patens;-43.503189;-19.205408
patens;-43.532181;-19.254178
patens;-43.532469;-19.259258
patens;-43.539272;-19.254736
patens;-43.512053;-19.172000
patens;-43.532111;-19.256383
patens;-43.512094;-19.163931
patens;-43.501250;-19.211464
patens;-43.511756;-19.163511
patens;-43.536986;-19.259319
patens;-43.5508333333;-19.2573611111
patens;-43.552261;-19.280033
patens;-43.500625;-19.197086
patens;-43.589556;-19.286267
peripherica;-47.273056;-20.164444
peripherica;-46.559668;-20.169939
peripherica;-46.3656;-20.2456
peripherica;-46.416111 ;-20.251667
peripherica;-46.401111;-20.266389
peripherica;-46.411389;-20.266389
phalocarpa;-43.67613;-19.82237
phalocarpa;-43.392;-18.43185
phalocarpa;-43.6003;-18.2494
phalocarpa;-43.98545;-18.6094
phantasmagoria;-72.6833333333333;1.36666666666667
phantasmagoria;-70.5;1.33333333333333
phantasmagoria;-72.7783333333333;0.981388888888889
piresiana;-47.09;-20.221667
piresiana;-43.558056;-19.265
plicata;-40.98525;-18.569278
plicata;-40.665556;-18.977778
plicata;-40.647778;-19.023056
plicata;-40.665556;-18.977778
plicata;-40.798611;-18.944167
plicata;-40.6625;-18.985
plicata;-40.698056;-18.988611
plicata;-42.483333;-20.716667
plicata;-42.483333;-20.716667
plicata;-41.209722;-21.340278
plicata;-40.890833;-18.755
plicata;-43.288056;-13.072778
plicata;-39.2165277777778;-8.303
plicata;-39.1873888888889;-8.41552777777778
plicata;-39.216528;-8.303
plicata;-43.4894166666667;-9.22008333333333
plicata;-40.995833;-17.8275
plicata;-38.868056;-8.316667
plicata;-40.679167;-19.397222
plicata;-40.838889;-19.491389
plicata;-40.630278;-19.539444
plicata;-37.8225;-7.916389
plicata;-38.785278;-9.083333
plicata;-40.084167;-12.501667
plicata;-40.084167;-12.501667
plicata;-43.240528;-19.548642
plicata;-40.855556;-19.802222
plicata;-41.4775;-20.375833
plicata;-40.129;-10.2296666666667
plicata;-41.245556;-10.229667
plicata;-40.199825;-18.886696
plicata;-40.189722;-18.905
plicata;-53.859722;-15.215
plicata;-53.859722;-15.215
plicata;-39.854167;-12.869722
plicata;-39.33975;-10.4376388888889
plicata;-37.2284166666667;-7.87652777777778
plicata;-37.228417;-7.876528
plicata;-41.196944;-17.86125
plicata;-42.908611;-12.339722
plicata;-42.908611;-12.339722
plicata;-40.876667;-19.231111
plicata;-40.806389;-19.238889
plicata;-42.210278;-13.456111
plicata;-39.4791388888889;-8.12633333333333
plicata;-36.938889;-8.499722
plicata;-36.7379666666667;-8.39226944444444
plicata;-39.479139;-8.126333
plicata;-38.958611;-8.286944
plicata;-40.916111;-20.175278
plicata;-40.681389;-19.805556
plicata;-40.681389;-19.805556
plicata;-40.601944;-19.906111
plicata;-40.681389;-19.805556
plicata;-40.739722;-19.826944
plicata;-40.614;-19.842361
plicata;-39.521667;-12.769167
plicata;-39.521667;-12.769167
plicata;-36.89;-7.476389
plicata;-36.889722;-7.476389
plicata;-36.8975;-7.470833
plicata;-35.893778;-7.469361
plicata;-36.890083;-7.47625
plicata;-36.890083;-7.47625
plicata;-42.7281388888889;-8.88133333333333
plicata;-40.739444;-19.760833
plicata;-40.6875;-19.757222
plicata;-40.7575;-19.770833
plicata;-41.260944;-17.855972
plicata;-41.260944;-17.855972
plicata;-41.260944;-17.855972
plicata;-38.0560555555556;-7.82283333333333
plicata;-38.0555277777778;-7.82272222222222
plicata;-38.555528;-7.822722
plicata;-40.304444;-20.276667
prolifera;-42.8894;-16.5594
prolifera;-42.8894;-16.5594
prolifera;-42.885833 ;-16.558611
prolifera;-42.888333 ;-16.560000
prolifera;-42.8883;-16.56
prolifera;-42.9;-16.55
pterocarpa;-43.6003;-18.2494
pterocarpa;-43.655278;-19.375278
pterocarpa;-43.655278;-19.375278
pulchra;-40.9852777;-18.5697223
pulchra;-41.122333;-18.423833
pulchra;-40.985278;-18.569722
pulchra;-40.995833;-17.8275
pulchra;-40.558611;-19.339167
pulchra;-40.558611;-19.348056
pulchra;-40.525278;-19.310833
pulchra;-40.558611;-19.343611
pulchra;-40.554722;-19.341111
pulchra;-40.648361;-19.270139
pulchra;-40.748611;-18.292778
pulchra;-41.124556;-18.496833
pulchra;-41.2;-16.13
pulchra;-40.614;-19.842361
pulchra;-40.739444;-19.760833
pulchra;-41.276944;-17.905556
pulchra;-41.2;-16.13333
pulchra;-41.2;-16.13
pumila;-48.05;-16.03
pumila;-48.001389;-16.503889
pumila;-47.5952778;-14.04001
pumila;47.4333333;-14.116666
pumila;-47.686611;-14.128944
pumila;-47.74305;-15.7797
pumila;-48.0638;-16.01719
pumila;-47.85;-15.866667
pumila;-47.85;-15.866667
pumila;-48.46667;-17.61667
pumila;-47.225277;-6.5555555
pumila;-48.8086;-15.82419
pumila;-48.698333;-15.823333
pumila;-48.698333;-15.823333
pumila;-48.8086;-15.9236
pumila;-47.699056;-16.738278
pumila;-47.835;-7.925
pumila;-48.152222;-14.287222
pumila;-48.960833;-15.708389
pumila;-47.2647;-13.7764
pumila;-49.0002333;-16.0009667
pumila;-47.0001667;-14.0001167
pumila;-47.9;-15.58
pumila;-47.97;-15.62
pumila;-47.97;-15.62
pumila;-47.88;-15.9
pumila;-48.4233;-14.6983
pumila;-48.45;-14.4961
punctata;-46.66667;-11.08333
punctata;-39.533333;-12.75
punctata;-39.533333;-12.75
punctata;-39.533333;-12.75
punctata;-39.533333;-12.75
punctata;-39.546389;-12.75
punctuata;-40.483333;-11.3
punctulata;-41.35;-12.983333
punctulata;-40.513889;-11.245278
punctulata;-41.344444;-12.801667
punctulata;-40.2499722222222;-10.2575277777778
punctulata;-40.249972;-10.257528
punctulata;-40.5089;-11.1711
punctulata;-40.5181;-11.1808
punctulata;-40.51667;-11.18333
punctulata;-40.507222;-11.195833
punctulata;-46.666667;-11.083333
punctulata;-40.516667;-11.166667
punctulata;-40.508056;-11.189444
punctulata;-40.483333;-11.3
punctulata;-40.494444;-11.1725
punctulata;-40.508056 ; -11.189444
punctulata;-46.066667 ; -11.083333
punctulata;-40.508889 ; -11.171111
punctulata;-40.516667 ; -11.016667
punctulata;-40.516667 ; -11.183333
punctulata;-40.508056 ; -11.189444
punctulata;-46.066667 ; -11.083333
punctulata;-40.508889 ; -11.171111
punctulata;-40.516667 ; -11.016667
punctulata;-40.516667 ; -11.183333
punctulata;-41.3897;-12.5633
punctulata;-41.3897;-12.5633
punctulata;-41.3897;-12.5633
punctulata;-41.366667;-12.466667
punctulata;-41.45;-12.466667
punctulata;-41.45;-12.45
punctulata;-41.391667;-12.585833
punctulata;-41.366667;-12.466667
punctulata;-41.403056;-12.560278
punctulata;-41.403056;-12.560278
punctulata;-41.433333;-12.45
punctulata;-41.45;-12.45
punctulata;-41.4;-12.559444
punctulata;-41.418333;-12.463333
punctulata;-41.391944;-12.585833
punctulata;-41.393056;-12.596667
punctulata;-41.45;-12.45
punctulata;-41.440278;-12.459722
punctulata;-41.45;-12.456944
punctulata;-41.391667;-12.608333
punctulata;-41.393056 ; -12.596667
punctulata;-41.440278 ; -12.459722
punctulata;-41.366667 ; -12.466667
punctulata;-41.450000 ; -12.456944
punctulata;-41.393056 ; -12.596667
punctulata;-41.440278 ; -12.459722
punctulata;-41.366667 ; -12.466667
punctulata;-41.450000 ; -12.456944
punctulata;-41.15;-11.551111
punctulata;-41.001389;-11.635833
punctulata;-41.000000 ; -11.628056
punctulata;-41.000000 ; -11.628056
punctulata;-41.371944;-13.001389
punctulata;-41.371944;-13.001389
punctulata;-41.3;-12.683333
punctulata;-41.5;-12.95
punctulata;-41.278333;-12.949722
punctulata;-41.385;-12.995556
punctulata;-41.383333;-12
punctulata;-41.342222;-12.974722
punctulata;-41.35;-12.983333
punctulata;-41.35;-12.983333
punctulata;-41.35;-12.983333
punctulata;-41.353333;-12.993167
punctulata;-41.353333;-12.993167
punctulata;-41.353333;-12.993167
punctulata;-41.353333;-12.993167
punctulata;-41.350000 ; -12.983333
punctulata;-41.342222 ; -12.974722
punctulata;-41.278333 ; -12.949722
punctulata;-41.343056 ; -12.977500
punctulata;-41.350000 ; -12.983333
punctulata;-41.033333 ; -12.950000
punctulata;-41.350000 ; -12.983333
punctulata;-41.350000 ; -12.983333
punctulata;-41.342222 ; -12.974722
punctulata;-41.278333 ; -12.949722
punctulata;-41.343056 ; -12.977500
punctulata;-41.350000 ; -12.983333
punctulata;-41.033333 ; -12.950000
punctulata;-41.350000 ; -12.983333
punctulata;-41.5194;-12.4388
punctulata;-41.5589;-12.5292
punctulata;-41.416667;-12.297778
punctulata;-41.466667;-12.45
punctulata;-41.466667;-12.45
punctulata;-41.466667 ; -12.450000
punctulata;-41.466667 ; -12.450000
punctulata;-40.3714;-10.6544611111111
punctulata;-40.3714;-10.6544611111111
punctulata;-40.3441194444444;-10.7171111111111
punctulata;-41.95;-13.533333
punctulata;-41.95;-13.533333
punctulata;-39.533333;-12.75
punctulata;-39.533333;-12.75
punctulata;-41.4822222222222;-10.3301388888889
punctulata;-41.333333;-10.366667
punctulata;-39.5333333;-12.75
punctulata;-41.35;-12.98333
punctulata;-41.35;-12.98333
punctulata;-41.33333;-10.36666
punctulata;-40.5116667;-11.1811111
punctulata;-41.416667;-13.333333
punctulata;-41.47;-12.45
punctulata;-39.533333;-12.75
pusilla;-43.55;-19.27
pusilla;-43.353356;-18.394175
pyrantha;-41.483333;-12.816667
pyrantha;-41.483333;-12.516667
pyrantha;-41.65;-12.616667
pyrantha;-41.523056;-12.685556
pyrantha;-41.65;-12.616667
pyrantha;-41.516667;-12.683333
pyrantha;-41.466667;-12.533333
pyrantha;-41.486667;-12.6
pyrantha;-41.486389;-12.599722
ramosissima;-43.411944;-18.939167
ramosissima;-43.411944;-18.939167
ramosissima;-43.411944;-18.939167
ramosissima;-43.411944;-18.939167
ramosissima;-43.43346;-18.891602
ramosissima;-43.384444;-19.503056
ramosissima;-43.384444;-19.503056
ramosissima;-43.411944;-18.939167
ramosissima;-43.714444;-19.035278
ramosissima;-43.4336;-18.8939
religiosa;-41.906944;-13.075278
religiosa;-41.765000 ;-13.151111
resinosa;-43.52;-18.6
resinosa;-43.3919444;-18.43185
resinosa;-43.450833;-20.133333
resinosa;-43.6003;-18.2494
resinosa;-43.626667;-18.19
resinosa;-48.621111;-18.186667
resinosa;-43.55;-18.266667
resinosa;-43.431667;-18.2975
resinosa;-43.519167;-18.282778
resinosa;-43.288022;-19.404669
resinosa;-43.306519;-19.411436
resinosa;-43.970556 ;-20.284514
resinosa;-43.789205;-18.908396
resinosa;-43.789205;-18.908396
resinosa;-43.789205;-18.908396
resinosa;-43.728611;-19.0425
resinosa;-43.370556;-18.145833
resinosa;-43.369467;-18.198903
resinosa;-43.341944;-18.084167
resinosa;-43.339722;-18.232500
resinosa;-43.339722 ;-18.232500
scabrosa;-43.430167;-18.913056
scabrosa;-43.430167;-18.913056
scabrosa;-43.430167;-18.913056
scabrosa;-43.396986;-19.010903
scabrosa;-43.364997;-19.888717
scoparia;-43.883333 ;-18.300000
scoparia;-43.6003;-18.2494
scoparia;-43.550000;-18.333333
scoparia;-43.716667;-18.150000
scoparia;-43.88;-18.3
sellovii;-43.7263889;-19.83305
sellowii;-43.671861;-19.82375
sellowii;-43.666667;-19.816667
sellowii;-43.666667;-19.816667
sellowii;-43;-19
sellowii;-43.666667;-19.816667
sellowii;-43.766667 ;-19.816667
sessilis;-47.5097;-14.1325
sessilis;-47.491111;-14.225833
sessilis;-47.468611;-14.160556
seubertiana;-54.1;-16.783333
seubertiana;-41.33;-12.8
seubertiana;-41.316667;-12.883333
seubertiana;-41.3;-13.583333
seubertiana;-55.720011;-15.432781
seubertiana;-46.142;-10.630639
seubertiana;-43.745278;-19.514167
seubertiana;-40.6;-11.416667
seubertiana;-43.038056;-14.935278
seubertiana;-41.271389;-12.9725
seubertiana;-41.366667;-13.066667
seubertiana;-41.511389;-12.756111
seubertiana;-41.385;-12.995556
seubertiana;-41.376389;-13.083056
seubertiana;-41.333333;-12.966667
seubertiana;-41.353333 ; -12.990833
seubertiana;-55.191944;-9.584167
seubertiana;-55.916111;-9.578889
seubertiana;-55.1346;-9.0409
seubertiana;-41.466667;-12.45
seubertiana;-41.466667;-12.45
seubertiana;-41.468056 ; -12.454722
seubertiana;-41.487222 ; -12.437222
seubertiana;-41.351944 ; -12.982778
seubertiana;-41.783333;-13.55
seubertiana;-52.370278;-9.728333
seubertiana;-52.37;-9.7177777
seubertiana;-52.37;-9.717778
seubertiana;-41.033333 ; -12.950000
seubertiana;-56.0966666;-15.5961111
sincorana;-41.000556;-11.624444
sincorana;-41.88;-13.3
sincorana;-41.87;-13.33
sincorana;-41.866667;-13.333333
sincorana;-41.25;-13.533333
sincorana;-41.271667;-13.259722
sincorana;-40.993889;-11.630833
sincorana;-41.2075;-11.590833
sincorana;-41.2075;-11.590833
sincorana;-40.993889;-11.630833
sincorana;-41.165556;-11.579167
sincorana;-41.366667;-13.116667
sincorana;-41.366667;-13.116667
sincorana;-41.389444;-13.001667
sincorana;-41.420528;-12.992222
sincorana;-41.420528;-12.992222
sincorana;-41.367028;-13.015917
sincorana;-41.367028;-13.015917
sincorana;-41.483333;-12.516667
sincorana;-41.97;-13.52
sincorana;-41.95;-13.53
sincorana;-41.966667;-13.516667
sincorana;-41.95;-13.533333
sincorana;-41.883333;-13.366667
sincorana;-41.95;-13.533333
sincorana;-41.966667;-13.516667
sincorana;-41.884167;-13.368611
sincorana;-41.95;-13.533333
sincorana;-41.966667;-13.516667
sincorana;-41.95;-13.533333
sincorana;-41.884167;-13.368611
sincorana;-46.4;-20.25
sincorana;-41.96666;-13.51666
sincorana;-41.95;-13.53333
sincorana;-41.25;-13.5333
sincorana;-41.33;-12.95
sincorana;-41.33;-12.95
sp;-52.608333;-9.691111
sp.;-52.210331;-3.198617
sp.;-52.210331;-3.198617
sp.;-37.3486666666667;-10.741
sp.;-37.1854;-10.4529
sp.;-37.1854;-10.4529
sp.;-37.1854;-10.4529
sp.;-37.315;-10.758056
sp.;-37.425;-10.685278
sp.;-37.425;-10.685278
sp.;-41.0004444444444;-11.6278055555556
sp.;-41.2027;-12.5918
sp.;-36.9446277777778;-8.50339444444444
sp.;-40.666667;-9.25
sp.;-36.5121;-10.4416
sp.;-36.756167;-10.616861
sp.;-44.097;-20.091111
sp.;-47;-14
sp.;-47;-14
spiralis;-43.4927778;-20.1263
spiralis;-43.4775;-19.93955
spiralis;-43.4927778;-20.1263
spiralis;-42.8905;-16.540944
spiralis;-42.929203;-16.538814
spiralis;-42.904675;-16.549475
spiralis;-42.912500;-16.549167
spiralis;-42.914922 ;-16.567639
spiralis;-42.917525;-16.542361
spiralis;-42.9;-16.5511111111
spiralis;-42.781944;-16.119722
spiralis;-42.781667;-16.116667
spiralis;-42.781944 ;-16.119722
spiralis;-42.781667 ;-16.116667
squalida;-46.3872;-20.2604
squalida;-47.2647;-13.7764
squamata;-47.966667;-16.033333
squamata;-47.973611;-15.536667
squamata;-47.916667;-15.983333
squamata;-48.033333;-15.566667
squamata;-47.5830556;-14.1788889
squamata;-47.5097;-14.1325
squamata;-47.811028;-14.177639
squamata;-47.793333;-14.188889
squamata;47.45;-14.133333
squamata;-47.593888;-14.178888
squamata;-47.593056;-14.163333
squamata;-47.517778;-14.078611
squamata;-47.593056;-14.163333
squamata;-47.5;-14.116667
squamata;-47.516667;-14.116667
squamata;-47.516667;-14.116667
squamata;-47.610278;-14.174444
squamata;-47.593056;-14.163333
squamata;-47.516667;-14.116667
squamata;-47.629861;-14.162278
squamata;-45.929722;-9.110833
squamata;-47.9294;-15.7797
squamata;-45.95;-15.583333
squamata;-48.33333;-15.66667
squamata;47.8;-15.833333
squamata;-48.18333;-15.61667
squamata;-48.016666;-15.916666
squamata;-47.70833;-15.59167
squamata;-47.70833;-15.59167
squamata;-47.708333;-15.591666
squamata;-48.05;-15.86667
squamata;-48.05;-15.86667
squamata;-48.16667;-15.63333
squamata;-48.01667;-15.91667
squamata;-48;-15.86667
squamata;-48.1;-15.66667
squamata;-47.74;-15.656666
squamata;-48.063333;-15.736388
squamata;-47.968055;-15.661111
squamata;-47.509333;-14.072694
squamata;-48.589722;-16.63
squamata;-47.85;-15.866667
squamata;-48.016667;-15.883333
squamata;-47.833333;-15.866667
squamata;-47.916667;-15.95
squamata;-47.816667;-15.866667
squamata;-47.833333;-15.866667
squamata;-47.583333;-15.583333
squamata;-48.003889;-15.9125
squamata;-47.933333;-15.95
squamata;-48.589722;-16.63
squamata;-47.95;-15.95
squamata;-47.833333;-15.866667
squamata;-48.063333;-15.736389
squamata;-48.589722;-16.63
squamata;-47.933333;-15.883333
squamata;-47.968056;-15.661111
squamata;-48.133333;-15.6
squamata;-47.85;-15.866667
squamata;-47.85;-15.866667
squamata;-47.85;-15.866667
squamata;-47.911667;-15.933333
squamata;-48.333333;-15.666667
squamata;-47.856125;-15.907056
squamata;-47.828267;-15.865314
squamata;-47.828267;-15.865314
squamata;-47.880333;-15.898114
squamata;-47.880333;-15.898114
squamata;-47.807511;-15.797781
squamata;-47.856125;-15.907056
squamata;-48.016667;-15.916667
squamata;-47.833333;-15.866667
squamata;-48.13694;-13.39528
squamata;-47.86278;-13.68139
squamata;-48.05028;-13.3775
squamata;-47.583055;-14.178888
squamata;-47.583055;-14.178888
squamata;-47.793611;-13.682778
squamata;-48.824444;-15.800278
squamata;-48.183333;-13.966666
squamata;-48.183333;-13.966667
squamata;-45;-10.26
squamata;-48.51667;-17.8
squamata;-47.633333;-16.716666
squamata;-47.666667;-16.75
squamata;-46.4483;-20.2164
squamata;-46.46917;-11.61028
squamata;-45.972777;-10.716111
squamata;-45.972778;-10.716111
squamata;-45.783333;-15.15
squamata;-48.152222;-15.932222
squamata;-48.152222;-15.932222
squamata;-44.940583;-21
squamata;-47.9961;-16.5948
squamata;-47.9961;-16.5948
squamata;-47.996111;-16.594722
squamata;-46.45694;-10.45
squamata;-46.45694;-10.45
squamata;-46.504444;-10.511388
squamata;-46.133333;-10.55
squamata;-46.133333;-10.55
squamata;-46.504694;-10.511389
squamata;-46.506472;-10.575361
squamata;-46.456944;-10.45
squamata;-48.06667;-14.13333
squamata;48.2;-13.666666
squamata;48.3833333;-13.466666
squamata;-48.18111;-13.78194
squamata;-48.18889;-13.61528
squamata;-48.228889;-13.531667
squamata;-48.066667;-14.133333
squamata;-47.701661;-10.692983
squamata;-48.36667;-14.08333
squamata;-48.56667;-14.23333
squamata;-48.31667;-14.03333
squamata;48.1880555;-13.5975
squamata;-48.165;-14.438333
squamata;-48.3;-13.983333
squamata;-48.278139;-10.171989
squamata;-41.456666;-12.467777
squamata;81.572778;25.444722
squamata;-47.537222;-12.946111
squamata;-48.2275;-12.8
squamata;-48.138611;-12.950277
squamata;-48.112777;-12.996388
squamata;-48.956389;-15.711667
squamata;-48.939444;-15.717222
squamata;-47.5625;-15.4375
squamata;-45.54;-9.179722
squamata;-45.084444;-12.344167
squamata;-46.508055;-10.144444
squamata;-46.508222;-10.144678
squamata;-51.995278;-18.439444
squamata;-51.995278;-18.439444
squamata;-51.995278;-18.439444
squamata;-51.995278;-18.439444
squamata;-51.995278;-18.439444
squamata;-51.995278;-18.439444
squamata;-47.2644;-13.7767
squamata;-48;-15.56666
squamata;-47.95;-15.95
squamata;-47.521517;-14.133556
squamata;-48.03;-15.57
squamata;-47.97;-16.03
squamata;-47.9306;-15.6083
squamata;-47;-14
squamata;-47.583056;-14.178889
squamata;-47.7933;-14.1889
squamata;-45.8204;-8.970667
squamata;-45.8204;-8.970667
squamata;-47.83;-15.88
squamata;-48.13;-15.6
squamata;-45.8764;-14.9633
squamata;-47.633333;-16.716667
squamata;-45.9483;-15.3336
squamata;-48.4314;-14.6547
squamata;-48.3983;-14.3367
squamata;-48.4369;-14.3906
squamata;-45.084383;-12.344258
squamata;-45.084383;-12.344258
stellata;-41.3;-13.58
stellata;-41.783333;-13.25
stellata;-41.783333;-13.266667
stellata;-41.3;-13.583333
stellata;-41.3;-13.583333
stellata;-40.998056;-11.625556
stellata;-40.961111;-11.663889
stellata;-41;-11.616667
stellata;-41;-11.633333
stellata;-41.95;-13.53
stellata;-41.95;-13.533333
stellata;-41.95;-13.533333
stellata;-41.95;-13.53333
stenocarpa;-44.13;-17.57
stenocarpa;-44.13;-17.57
stenocarpa;-43.013056 ;-16.916667
stenocarpa;-43.032778 ;-16.853611
stenocarpa;-42.98155;-16.6439
stenocarpa;-44.1936;-17.6936
stenocarpa;-44.23;-17.7
stenocarpa;-44.233333;-17.7
stenocarpa;-44.1917;-17.7081
stenocarpa;-44.1131;-17.4229
stenocarpa;-44.233333;-17.7
stenocarpa;-44.191667 ;-17.708056
stenocarpa;-44.184167 ;-17.708056
stenocarpa;-44.191944;-17.708056
stenocarpa;-44.283333 ;-17.716667
stenocarpa;-44.191722 ;-17.708083
stenocarpa;-44.193611 ;-17.693611
stenocarpa;-44.193611 ;-17.706389
stenocarpa;-44.193611 ;-17.706389
stenocarpa;-41.95;-13.533333
stenocarpa;-44.233333;-17.7
stipitata;-43.7279;-18.13505
stipitata;-43.544722;-18.180056
stipitata;-43.867900;-18.310356
stipitata;-42.400556;-15.530833
stipitata;-42.400278;-15.530833
stipitata;-42.400278;-15.530833
stipitata;-43.762833;-19.008191
stipitata;-43.75576;-19.006194
stipitata;-43.767431;-18.996938
stipitata;-43.755937;-19.005794
stipitata;-43.545731;-19.249681
stipitata;-43.605392;-19.264472
stipitata;-43.550483;-19.257694
stipitata;-43.538081;-19.254400
strangii;-43.554858;-18.551906
strangii;-43.700917;-18.165361
strangii;-43.802400;-18.299533
strangii;-43.703186;-18.215056
strangii;-43.722139;-18.147706
strangii;-43.793303;-18.292789
strangii;-43.757922;-18.291622
strangii;-43.918611;-18.310000
strangii;-43.700908;-18.165528
strangii;-43.832092;-18.562967
strangii;-43.878694;-18.590433
strangii;-43.880208 ;-18.592167
strangii;-43.882139;-18.600061
strangii;-43.873231 ;-18.579583
strangii;-43.452836;-18.597642
streptophylla;-43.599964;-18.242011
streptophylla;-43.700000;-18.150000
streptophylla;-43.701069 ; -18.165186
streptophylla;-43.700000 ; -18.216667
streptophylla;-43.703875 ; -18.214447
streptophylla;-43.718744 ; -18.156250
streptophylla;-43.716667 ; -18.150000
streptophylla;-43.721422 ; -18.157461
streptophylla;-43.696478 ; -18.263711
subscabra;-43.032778;-16.853611
subscabra;-43.032831 ; -16.853669
subscabra;-42.990925 ; -16.854886
subscabra;-43.038414 ; -16.843903
subscabra;-43.040556 ; -16.858056
subscabra;-42.923664 ; -16.722194
subscabra;-43.905;-18.308806
subscabra;-43.552778;-18.355
subscabra;-43.600278;-18.249444
subscabra;-43.626667;-18.19
subscabra;-43.626667;-18.19
subscabra;-43.658308 ; -18.251311
subscabra;-42.899722;-16.5975
subscabra;-42.867739 ; -16.221817
subscabra;-42.904025 ; -16.570272
subscabra;-42.898578 ; -16.555497
subscabra;-42.909581 ; -16.497667
subscabra;-42.899039 ; -16.518908
subscabra;-43.345431 ; -17.032519
subscabra;-44.898992 ; -21.343022
subscabra;-44.65;-21.316111
subscabra;-44.650583 ; -21.306989
subscabra;-40.950833;-16.326111
subscabra;-41.090256 ; -16.339239
subscabra;-41.089936 ; -16.337753
subscabra;-40.951111 ; -16.328056
subscabra;-44.270833;-17.699167
subscabra;-44.270833 ; -17.699167
subscabra;-44.974167;-21.331944
subscabra;-44.999444;-21.245278
subscabra;-44.969472 ; -21.327914
subscabra;-42.819167 ; -15.968333
subscabra;-43.579906 ; -19.287219
subscabra;-44.292611 ; -21.140681
subscabra;-42.811514 ; -15.833358
subscabra;-43.475278;-18.432778
subscabra;-43.592058 ; -18.573342
subscabra;-44.201531 ; -21.117656
swallenii;-47.88;-15.58
swallenii;-47.80722;-15.80306
swallenii;-48.19111;-15.9075
swallenii;-47.81556;-15.81833
swallenii;-47.672222;-15.732777
swallenii;-47.946666;-15.737777
swallenii;-47.947792;-15.736406
taxifolia;-43.4;-18.9
taxifolia;-43.4;-18.87
taxifolia;-43.529677;-19.858387
taxifolia;-43.677222;-18.9425
taxifolia;-43.477778 ;-19.491667
taxifolia;-43.457675 ; -19.511606
taxifolia;-42.818889 ; -15.234083
taxifolia;-43.752638;-18.932889
taxifolia;-43.587778;-19.289444
taxifolia;-43.673889 ; -19.103056
taxifolia;-43.609372 ; -19.306100
taxifolia;-43.579578 ; -19.288078
taxifolia;-43.466394;-18.431389
taxifolia;-43.437500 ;-18.538611
taxifolia;-43.451436 ; -18.522269
taxifolia;-43.448206 ; -18.706375
taxifolia;-43.437500 ; -18.538611
taxifolia;-43.6;-19.32
tenella;-43.8;-20.2
tenella;-43.8;-20.2
teres;-43.52;-18.6
teres;-43.3125;-18.232222
tillandsioides;-44.18;-17.8733
tillandsioides;-43.95;-17.85
tillandsioides;-43.956944;-17.895556
tillandsioides;-43.956961 ; -17.895736
tillandsioides;-43.956317 ; -17.895892
tillandsioides;-43.956944 ; -17.895556
tillandsioides;-43.95;-17.85
tomeana;-44.98139;-21.7234469
tomeana;-44.977222;-21.717381
tomentosa;-48.15;-22.133333
torquata;-45.44222222;-18.78777778
tragacantha;-43.4927778;-20.1263
tragacantha;-43.4927778;-20.1263
tragacantha;-43.5308;-17.5539
tragacantha;-43.43645;-19.885567
tragacantha;-43.909444;-20.435278
tragacantha;-43.492667;-20.101681
tragacantha;-43.466667;-20.1
tragacantha;-43.415556;-20.159167
tragacantha;-43.918889;-20.441111
tragacantha;-43.7406;-18.4544
tragacantha;-43.7406;-18.4544
tragacantha;-43.419167;-20.313889
tragacantha;-43.436667;-20.153611
tragacantha;-43.436667;-20.153611
tragacantha;-43.436667;-20.153611
tragacantha;-43.419167 ;-20.313889
tragacantha;-43.436667;-20.153611
tragacantha;-43.948139 ;-20.313056
tragacantha;-43.6675;-20.110833
tragacantha;-43.691111;-20.0575
tragacantha;-43.629167;-20.149444
tragacantha;-43.526944 ;-20.093333
tragacantha;-43.691111 ;-20.057500
tragacantha;-43.336450 ;-19.885567
tubiflora;-61.492222 ; -14.531667
tubiflora;-61.498056 ; -14.539722
tubiflora;-61.496667;-14.544722
tubiflora;-63.35;0.85
tubiflora;-43.2485756;-19.9480039
tubiflora;-47.25;-13.73
tubiflora;-47.433333;-14.083333
tubiflora;-47.25;-13.733333
tubiflora;-41.88;-13.27
tubiflora;-41.9;-13.27
tubiflora;-41.9;-13.266667
tubiflora;-41.883333 ; -13.266667
tubiflora;-47.334167 ; -21.095000
tubiflora;-47.512500 ; -14.031111
tubiflora;-47.5097;-14.1325
tubiflora;-47.5097;-14.1325
tubiflora;-47.70192;-14.1167
tubiflora;-47.70192;-14.1167
tubiflora;-47.65562;-14.1167
tubiflora;-47.65562;-14.1167
tubiflora;-47.70192;-14.1167
tubiflora;-47.75;-14.18
tubiflora;-47.45;-14.13
tubiflora;-47.5097;-14.1325
tubiflora;-47.5097;-14.1325
tubiflora;-47.5097;-14.1325
tubiflora;-47.5097;-14.1325
tubiflora;-47.5047;-14.1739
tubiflora;-47.483333;-13.983333
tubiflora;-47.616666;-14.15
tubiflora;47.45;-14.133333
tubiflora;47.45;-14.133333
tubiflora;47.75;-14.183333
tubiflora;-47.478888;-14.155833
tubiflora;-47.504722;-14.173888
tubiflora;-47.450000 ; -14.133333
tubiflora;-47.050000 ; -13.766667
tubiflora;-47.450000 ; -14.133333
tubiflora;-47.750000 ; -14.183333
tubiflora;-47.5167;-13.93593
tubiflora;-47.5167;-13.9376
tubiflora;-47.5167;-13.93593
tubiflora;-47.516667;-14.116667
tubiflora;-47.636111;-14.171389
tubiflora;-47.516667;-14.116667
tubiflora;-47.516667;-14.116667
tubiflora;-47.516667;-14.116667
tubiflora;-47.516667;-14.116667
tubiflora;-47.45;-14.133333
tubiflora;-47.45;-14.133333
tubiflora;-47.5;-14.166667
tubiflora;-47.516667;-14.116667
tubiflora;-47.516667;-14.116667
tubiflora;-47.516667;-14.116667
tubiflora;-47.75;-14.183333
tubiflora;-47.616667;-14.163611
tubiflora;-47.636111;-14.171389
tubiflora;-47.836494;-14.158281
tubiflora;-47.836494;-14.158281
tubiflora;-47.836494;-14.158281
tubiflora;-47.836494;-14.158281
tubiflora;-47.883333 ; -14.216667
tubiflora;-47.583056 ; -14.178889
tubiflora;-47.483333 ; -13.983333
tubiflora;-47.495833 ; -13.959167
tubiflora;-47.450000 ; -13.966667
tubiflora;-47.468611 ; -14.160556
tubiflora;-47.478889 ; -14.155833
tubiflora;-47.504722 ; -14.173889
tubiflora;-47.800833 ; -14.174722
tubiflora;-48.966667;-16.333333
tubiflora;-58.4042376;-8.4627447
tubiflora;-63.356111;0.865833
tubiflora;-63.341389;0.873056
tubiflora;-63.341389;0.873056
tubiflora;-48.05;-16.03
tubiflora;-48.13;-16
tubiflora;-48.05;-16.033333
tubiflora;-47.509167;-15.181111
tubiflora;-42.194056;-4.954056
tubiflora;-47.442777;-7.0497222
tubiflora;-47.423333;-7.118889
tubiflora;-47.423056;-7.186944
tubiflora;-47.45;-13.97
tubiflora;-47.848888;-13.681944
tubiflora;-47.495;-13.944722
tubiflora;-47.833333;-13.644444
tubiflora;-47.479639;-13.628472
tubiflora;-47.696111 ; -13.943889
tubiflora;-47.450556 ; -13.816389
tubiflora;-48.06667;-14.13333
tubiflora;-47.88333;-14.21667
tubiflora;-47.883333;-14.216667
tubiflora;-48.273889 ; -13.951944
tubiflora;-48.066667 ; -14.133333
tubiflora;-41.700000 ; -5.200000
tubiflora;-47.6133;-16.7686
tubiflora;-47.6133;-16.7686
tubiflora;-47.6133;-16.7686
tubiflora;-47.6136;-16.7686
tubiflora;-47.6136;-16.7686
tubiflora;-47.6136;-16.7686
tubiflora;-47.6136;-16.7686
tubiflora;-47.613889;-16.769167
tubiflora;-46.4483;-20.2164
tubiflora;-47.334722;-15.537778
tubiflora;-50.03;-15.95
tubiflora;50.1166666;-16.05
tubiflora;-50.1403;-15.9344
tubiflora;-50.1403;-15.9344
tubiflora;-50.1403;-15.9344
tubiflora;-50.033333;-15.95
tubiflora;-50.033333 ; -15.950000
tubiflora;-54.9328;-10.0575
tubiflora;-48.28333;-13.81667
tubiflora;-48.283333 ; -13.816667
tubiflora;-50.183333;-16.066667
tubiflora;-50.116667;-16.05
tubiflora;-48.08694;-14.19139
tubiflora;-48.086944 ; -14.191389
tubiflora;-55.19144;-9.584
tubiflora;-55.440833;-9.681389
tubiflora;-55.191944;-9.584167
tubiflora;-55.2625;-9.0452
tubiflora;-55.1129;-9.3502
tubiflora;-55.191444 ; -9.584000
tubiflora;-55.440167 ; -9.681233
tubiflora;-41.7728;-13.1519
tubiflora;-41.900000 ; -13.266667
tubiflora;-41.903889 ; -13.034444
tubiflora;-41.684444 ; -4.084722
tubiflora;-48.9592;-15.8525
tubiflora;-48.962972;-15.714917
tubiflora;-48.9592;-15.8525
tubiflora;-48.6008;-8.5006
tubiflora;-50.051389 ; -16.001389
tubiflora;42.4755555;-15.9125
tubiflora;-46.17378;-13.37277
tubiflora;-46.16826;-13.36737
tubiflora;-47.2644;-13.7767
tubiflora;-47.2647;-13.7764
tubiflora;-41.0919;-3.5622
tubiflora;-55.4402777;-9.6811111
tubiflora;-47.45;-14.13333
tubiflora;-47.75;-14.18333
tubiflora;-47.00035;-14.0004167
tubiflora;-47.61666;-14.15
tubiflora;-41.8833333;-13.2666667
tubiflora;-47.258012;-13.779535
tubiflora;-47.546935;-14.105037
tubiflora;-47;-14
tubiflora;-47;-14
tubiflora;-47;-14
tubiflora;-50.18;-16.07
tubiflora;-47.5;-14.17
tubiflora;-47.75;-14.18
tubiflora;-47.5;-14.12
tubiflora;-47.45;-14.13
tubiflora;-47.62;-14.15
tubiflora;-47.5;-14.166667
tubiflora;-63.34;0.873889
tubiflora;-47.68;-16.78
tubiflora;-50.12;-16.05
tubiflora;-65.6666666666667;3.41666666666667
variabilis;-60.085556; -18.115278
variabilis;-60.383611 ;-14.823333
variabilis;-59.050000;-18.383333
variabilis;-43.8;-20.22
variabilis;-43.68024;-18.32666
variabilis;-41.9;-13.23
variabilis;-41.9;-13.25
variabilis;-41.92;-13.25
variabilis;-41.88;-13.27
variabilis;-41.9;-13.27
variabilis;-41.88;-13.3
variabilis;-41.85;-13.33
variabilis;-41.9;-13.266667
variabilis;-41.9;-13.25
variabilis;-41.883333;-13.266667
variabilis;-41.9;-13.266667
variabilis;-47.784444;-14.986111
variabilis;-47.5097;-14.1325
variabilis;-47.816666;-14.166666
variabilis;-47.5;-13.766667
variabilis;-47.636111;-14.171389
variabilis;-47.727778;-14.106111
variabilis;-47.636111;-14.171389
variabilis;-47.823428;-14.164564
variabilis;-47.823428;-14.164564
variabilis;-47.816667;-14.166667
variabilis;-43.691944;-20.0575
variabilis;-46.842222; -19.712222
variabilis;-47.6874;-15.73555
variabilis;-47.9294;-15.7797
variabilis;-47.9294;-15.7797
variabilis;-48.19111;-15.9075
variabilis;-48.003888;-15.9125
variabilis;-47.933055;-15.970277
variabilis;-47.85;-15.866667
variabilis;-47.85;-15.866667
variabilis;-47.509333;-14.072694
variabilis;-47.509333;-14.072694
variabilis;-48.001389;-16.503889
variabilis;-47.916667;-15.95
variabilis;-47.933333;-16.05
variabilis;-47.85;-15.866667
variabilis;-47.85;-15.866667
variabilis;-47.85;-15.866667
variabilis;-47.85;-15.866667
variabilis;-47.85;-15.866667
variabilis;-47.85;-15.866667
variabilis;-47.85;-15.866667
variabilis;-47.85;-15.866667
variabilis;-47.881111;-15.880556
variabilis;-47.856125;-15.907056
variabilis;-47.856125;-15.907056
variabilis;-47.85;-15.866667
variabilis;-43.972747;-20.136319
variabilis;-44.216667;-20.133333
variabilis;-48.616666;-17.733333
variabilis;-48.667222 ;-17.776667
variabilis;-45.6;-20.983333
variabilis;-48.10278;-13.61861
variabilis;-47.521666;-13.886388
variabilis;-48.824444;-15.800278
variabilis;-48.11667;-14.16667
variabilis;-43.700000;-18.683333
variabilis;-43.918889;-20.441111
variabilis;-43.905833;-20.445833
variabilis;-43.737222;-18.870000
variabilis;-57.568888;-17.9075
variabilis;-57.568889;-17.9075
variabilis;-57.531389;-18.021389
variabilis;-57.568889 ;-17.907500
variabilis;-57.531389;-18.021389
variabilis;-57.5689;-17.9075
variabilis;-47.6047;-16.7453
variabilis;-47.6;-16.73193
variabilis;-47.6;-16.79518
variabilis;-47.6133;-16.7686
variabilis;-47.6;-16.84036
variabilis;-47.6;-16.85843
variabilis;-47.61333;-16.70278
variabilis;-47.666667;-16.75
variabilis;-47.6136;-16.7686
variabilis;-47.6136;-16.7686
variabilis;-47.666667;-16.75
variabilis;-47.616667;-16.766667
variabilis;-47.666667;-16.75
variabilis;-47.6136;-16.7686
variabilis;-47.666667;-16.75
variabilis;-47.666667;-16.75
variabilis;-47.666667;-16.75
variabilis;-47.55;-16.766667
variabilis;-47.620278;-16.733889
variabilis;-47.585853;-16.757231
variabilis;-55.933333;-15.266667
variabilis;-55.75;-15.5
variabilis;-55.750000;-15.050000
variabilis;-55.933333;-15.266667
variabilis;-56.0967;-15.5961
variabilis;-55.5;-15.5
variabilis;-55.75;-15.5
variabilis;-43.6556;-18.4458
variabilis;-43.6556;-18.4458
variabilis;-43.684444;-18.508333
variabilis;-43.684444;-18.508333
variabilis;-43.684444;-18.508333
variabilis;-46.4483;-20.2164
variabilis;-43.6003;-18.2494
variabilis;-43.6003;-18.2494
variabilis;-43.6003;-18.2494
variabilis;-43.6003;-18.2494
variabilis;-43.6003;-18.2494
variabilis;-43.6003;-18.2494
variabilis;-43.700917;-18.165361
variabilis;-43.666667;-18.25
variabilis;-43.697417;-17.886361
variabilis;-43.615833;-18.007222
variabilis;-43.615833;-18.157222
variabilis;-43.816667;-18.083333
variabilis;-46.62;-11.52
variabilis;-50.1403;-15.9344
variabilis;-50.00122;-16.0611
variabilis;-50.00122;-16.0611
variabilis;-50.1403;-15.9344
variabilis;-50.1403;-15.9344
variabilis;-50.1403;-15.9344
variabilis;-43.7406;-18.4544
variabilis;-43.7406;-18.4544
variabilis;-43.858472;-18.564444
variabilis;-43.858333;-18.564444
variabilis;-48.17861;-16.28806
variabilis;-48.21361;-16.33028
variabilis;-47.9938;-16.6748
variabilis;-43.432222;-20.197222
variabilis;-46.597778;-10.596472
variabilis;-50.033333;-15.133333
variabilis;-41.5;-12.85
variabilis;-43.924722;-20.147222
variabilis;-43.924722;-20.147222
variabilis;-44.01;-20.334722
variabilis;-44.010278;-20.001389
variabilis;-41.78;-13.25
variabilis;-48.9592;-15.8525
variabilis;-48.939167;-15.721667
variabilis;-48.960833;-15.71
variabilis;-48.9592;-15.8525
variabilis;-48.016667;-15.883333
variabilis;-48.016667;-15.883333
variabilis;-48.016667;-15.883333
variabilis;-48.016667;-15.883333
variabilis;-43.824167;-20.175
variabilis;-43.824167;-20.2175
variabilis;-43.066667 ;-18.250000
variabilis;-47.4397;-19.8656
variabilis;-47.433333;-19.850000
variabilis;-47.400000;-19.977778
variabilis;-44.15355;-20.101853
variabilis;-43.631111;-20.148056
variabilis;-43.75671;-18.962832
variabilis;-43.772592;-18.953243
variabilis;-43.765198;-18.996419
variabilis;-43.766883;-18.996821
variabilis;-43.593889;-19.282222
variabilis;-43.717222;-19.033056
variabilis;-43.724167;-19.020833
variabilis;-43.687778;-19.385278
variabilis;-43.737325;-19.048652
variabilis;-43.566667;-19.300000
variabilis;-43.600000;-19.283333
variabilis;-43.460556;-18.476944
variabilis;-47.5;-13.766667
variabilis;-55.0009031;-15.0005181
variabilis;-41.91666;-13.25
variegata;-40.985;-18.566111
variegata;-41.121111;-18.421667
variegata;-40.98525;-18.569278
variegata;-40.665556;-18.977778
variegata;-40.798611;-18.944167
variegata;-40.798611;-18.944167
variegata;-40.798611;-18.944167
variegata;-40.667778;-18.978889
variegata;-42.475806;-20.702833
variegata;-42.475278;-20.700278
variegata;-41.286139;-20.175833
variegata;-41.083611;-20.516111
variegata;-41.100556;-20.519167
variegata;-41.100556;-20.519167
variegata;-41.100556;-20.519167
variegata;-41.100556;-20.519167
variegata;-41.100556;-20.519167
variegata;-41.083611;-20.516111
variegata;-41.083611;-20.516111
variegata;-41.100556;-20.519167
variegata;-39.466667;-12.85
variegata;-39.466667;-12.85
variegata;-39.471944;-12.853056
variegata;-41.008089;-20.436427
variegata;-40.980014;-20.411644
variegata;-42.472194;-20.747778
variegata;-40.472222;-19.914167
variegata;-40.473889;-19.907944
variegata;-39.796111;-16.61
variegata;-40.981111;-19.741389
variegata;-40.812778;-19.895833
variegata;-40.551111;-19.348333
variegata;-41.545833;-20.940556
variegata;-40.4625;-18.7669
variegata;-40.4625;-18.766944
variegata;-40.443889;-18.776944
variegata;-40.4575;-18.77
variegata;-40.4575;-18.77
variegata;-40.456667;-18.769167
variegata;-40.791111;-18.766944
variegata;-40.443889;-18.776944
variegata;-44.466667;-20.733333
variegata;-40.614444;-20.173056
variegata;-40.614444;-20.173056
variegata;-40.614444;-20.173056
variegata;-40.614444;-20.173056
variegata;-42.0175;-21.9675
variegata;-41.911944;-21.898889
variegata;-58.017500;-21.967500
variegata;-40.814722;-19.897778
variegata;-40.814722;-19.897778
variegata;-40.824722;-19.888889
variegata;-40.814722;-19.897778
variegata;-40.604167;-19.780556
variegata;-40.604167;-19.780556
variegata;-39.4758;-12.8536
variegata;-39.475556;-12.854444
variegata;-39.2832;-12.5116
variegata;-39.475;-12.854722
variegata;-39.533333;-12.75
variegata;-39.475833;-12.853611
variegata;-39.475556;-12.854444
variegata;-39.475556;-12.853611
variegata;-39.533333;-12.75
variegata;-39.533333;-12.75
variegata;-39.533333;-12.75
variegata;-39.466667;-12.85
variegata;-39.475833;-12.853611
variegata;-39.466667;-12.85
variegata;-41.8675;-21.848
variegata;-41.913333;-21.869444
variegata;-40.775278;-19.796944
variegata;-40.775278;-19.796944
variegata;-40.739444;-19.760833
variegata;-40.775278;-19.796944
variegata;-40.775278;-19.796944
variegata;-40.775278;-19.796944
variegata;-40.775278;-19.796944
variegata;-40.7775;-19.8025
variegata;-40.319167;-20.17
variegata;-39.53333;-12.75
variegata;-40.95;-20.433333
variegata;-39.53;-12.75
variegata;-39.53;-12.75
vellozia sp.;-40.301546;-20.299876
verruculosa;-47.6;-16.73193
virgata;-43.463333;-20.134444
virgata;-44.606019;-20.203858
virgata;-44.569367;-20.2
virgata;-44.606019;-20.203858
virgata;-43.965278;-20.2475
virgata;-44.572453;-20.590122
virgata;-44.570911;-20.556558
virgata;-43.461889;-20.1625
virgata;-44.15355;-20.101853
wasshausenii;-43.68;-18.57
wasshausenii;-43.4;-18.9
wasshausenii;-43.793861;-18.913889
wasshausenii;-43.552778;-18.355278